relative_path,checksum,size_bytes
CHANGELOG_v1.1.0.md,af369a29e1fc073d82de15679de783d62444976ce055c3a3b684461ed944b72f,712
CITATION.cff,1b4193539ee40d764727a58bc5acb6c4185992c0c1f9bc52a8699760b8801e83,392
DATA_LICENSE.txt,8e0d23b97d3f0105b50c813a542e0a4c00d7fb74b66a492355f900fbecb1d383,667
FILE_INVENTORY.csv,b9ceaabc38bdbac7efa41ce78c54bb0e97ee8411fd51a88a69b0fa9d781dc57f,5662
FULL_REPRODUCTION_SCOPE.md,2a03652ee0c50cd564ead3b96929aff96504da35d1d536acc565492a55fd2b72,1371
LICENSE,54838ad6b756db471ce62529c97ecbcdc568f7179d6b319783184677356fdf9b,1069
README.md,39583df87cd96e20a38bd3866e4e0ddc5de768f14026146f1947498241c9462b,4353
REPRODUCIBILITY_STATUS.md,044829e09d849cb3bef24d6a97de122a24a5dd755ab41e9780fce883be4d0df2,933
RUN_REPRODUCTION_CHECK.bat,9dc23eb7f8f7cf8ebceedcb03f18036d998f42fe8c249a4976a061373f7aa295,300
RUN_V1_1_EVIDENCE_CHECK.bat,b127a40f9b65817de123d79cb10b4ab09544a5f245072dcbbea39dc930eedc55,198
analysis/hard_service/EXECUTED_RUNNER_PACKAGE_v1_2.zip,1a1840d42209fb651131aa41bb4878ab154ff5ba3f0143113c54bbb3c46662f9,3234547
analysis/hard_service/EXPECTED_SELECTED_CASE.txt,03149588fd38a44f338264b493df20d26c37c3412b9f9ca21fdc45b3d1ec4d57,932
analysis/hard_service/README.md,d03dd50f7c12411f8f576b2e1f5dec9514abacdad65356381af6691d99e2ae3d,1237
analysis/hard_service/RUN_HARD_SERVICE_CHECK.bat,50f430ce7059fa069b22bfc8126ea55aa2ae62a1080d53748899293107097572,1327
analysis/hard_service/SOURCE_CHANGE.diff,d1dd8f77c8e40bfc986a0ab325d61f00c2aa0dbba9845be74f6739d232f52376,2020
analysis/hard_service/results/VERIFIED_HARD_SERVICE_SUMMARY.txt,12d273d3bc1b615567c3a1a66e587b3be1a93e83cc5576441c6ddb2a728f61fb,645
analysis/hard_service/results/capacity_decoupled_C2_C2_HARDCHECK_WATER50_H2D8000_GRIDCAP1.5_TAX150.csv,a60a23aa6c233a594ef93f156268adb6e6a2bf2776c1a2819ca1072c9abc6a75,273
analysis/hard_service/results/capacity_expost_C3_C3_HARDCHECK_WATER50_H2D8000_GRIDCAP1.5_TAX150.csv,a60a23aa6c233a594ef93f156268adb6e6a2bf2776c1a2819ca1072c9abc6a75,273
analysis/hard_service/results/case3_hard_service_feasibility_stderr.txt,9f335e908ed302f334b731663843736c0d0ece04394bc6dda19e314f9ed85020,55
analysis/hard_service/results/case3_hard_service_feasibility_stdout.txt,eeb5fbdde495c4b81d04a146085ee3c7db6da8d7310009450553570bb0964048,687
analysis/hard_service/results/summary_decoupled_C2_C2_HARDCHECK_WATER50_H2D8000_GRIDCAP1.5_TAX150.csv,1a27a201230abe6a4fe0f929bb11122364ef507e87a76546434c08c463f934a6,1034
analysis/hard_service/results/summary_expost_C3_C3_HARDCHECK_WATER50_H2D8000_GRIDCAP1.5_TAX150.csv,6e3c221701939982adb012862d8cc0ab70ce5ef7ac8ef8cec5762e1d6d07ffc3,1084
analysis/hard_service/results/summary_expost_C3_C3_HARDSERVICE_WATER50_H2D8000_GRIDCAP1.5_TAX150.csv,c83c2a45f962eaf0da9b46fab30fe19493847d41e0cc826698c670143b9cc290,73
analysis/hard_service/runner/run_hard_service_check.ps1,45ef78534a54a784ce7ab4751b8e509cb6f2cf6519885a8c5b3a53190b2ef0c2,22963
analysis/hard_service/source/Source.cpp,2f4818e26bede3ffb68bd6230b9789a4e9b8ad32304cfaaba9ab336b9410172e,55813
analysis/hard_service/verify_hard_service_result.py,6d7ed4e44d84d8197073a8a03a94dda324e528d08678aecba71ef487e08d08b8,868
analysis/near_optimal_ro/AUDIT_CONFIGURATION.txt,9b2f866c842992b016f7cc67397167a8d681532f59b12445f47f8373fc4e44e6,1005
analysis/near_optimal_ro/EXECUTED_RUNNER_PACKAGE_v1.zip,41743559d7230178dccea61e33f4b13518a891eb8cc773366e49bfc71b910026,3237813
analysis/near_optimal_ro/README.md,fc35ec828cd7754ef741a23a1d483310691c593f99312d01c0ad01b58e50b171,1143
analysis/near_optimal_ro/RUN_NEAROPT_RO_AUDIT.bat,ca69d49b9b363d564f9511be8cab15cac5b14c3f6fd4714fc794e082cd71bc7c,1120
analysis/near_optimal_ro/SANITIZED_EXECUTED_RESULT_ARCHIVE.zip,aee2b8f84f7e2f9cd238f72d22344cdd00f7ad4ce0d739fd2805f4d125c7e783,392420
analysis/near_optimal_ro/SOURCE_CHANGE.diff,9adcafa3e00beaa7eb2121bed17160130e85ae73288294e06c4bb4609764342f,19507
analysis/near_optimal_ro/results/AUDIT_CONFIGURATION_USED.txt,1011c19970bb7bd2151d25c3791a76a32e640dba9bbd5f56a225894e281f8201,360
analysis/near_optimal_ro/results/RO_AUDIT_ALL_RUNS.csv,a6698d10c5b6efc491776b7882a0a7ce351ca3732a96b47362961eb7f7ebde87,47012
analysis/near_optimal_ro/results/RO_AUDIT_PAIRWISE_RANGES.csv,90c3fbc79eac797e841176c1a488452b1921326fbe0e2658083f6e95650abdd5,4881
analysis/near_optimal_ro/results/RO_AUDIT_SUMMARY.txt,1d18f71aa1d6b46aa29a7308a5fb0fcc1ff68cf5490e864cd321070e20b78d8b,776
analysis/near_optimal_ro/results/RUN_LOG.txt,72c2ca1f196fd246450cd2e6e9220abafc76c907461551b81eafb4f549218a50,318959
analysis/near_optimal_ro/runner/run_nearopt_ro_audit.ps1,c1ff7fcad267377acd338a5e9b1e69bead4e53a3bb6c7c85dd99e75b363af7ec,23949
analysis/near_optimal_ro/source/Source.cpp,7c20db60cf9a0826041ee98ddf3c2c947bbec61dad7723cfb2544f9607dcd7ba,61920
code/build_key_tables.py,1e06ea0bd3adef9d6ee2b8a93df34d5012a4d7a0e81a142c0ff7886c4455a31e,2962
code/create_h2_profile_inputs.py,979345b7dd9f56964678e92196017ea7431b6aee0ec2bd1eca3bb4537babad07,3902
code/verify_archive.py,c59eba6edcf2b15f926c908df72917d6e9af5109a25d8e8f1213ae1c9ddf977d,3181
data/data_dictionary.csv,72595662eaeff368695e30b1252b95d751ceb1edfd957c5bd2d672df6086ee09,26696
data/hourly_input.csv,9b4768a13c918b32b5e019983d8d8cf10fb019b34cacd3bbca5758bcd292cfec,1469550
data/parameter_table.csv,6e5c3cfb38faffc77d183c1af39ebeb350a7985d7ce2d20b578586e32278515b,3959
data/parameters.json,31ccda915f3a5a184e09d43ec838d93af37c67c15f35f94690659bf51cbbc74b,7764
data/scenarios/absolute_penalty_scaling.csv,f0566e88324a3ca7cff2721bc42d7907807aecc0dcb2beecdb3cc30ebd81cfea,269
data/scenarios/coupling_grid.csv,3fd3a9f807e5848fa09420f123be94ea58a073a4104fa8383950c8022cb4412f,246
data/scenarios/feedwater_sensitivity.csv,650e6387fe351a05d8a349eb704e36a4a3b7d5d51bf0c5deef6c839d17a4d245,181
data/scenarios/hydrogen_profile_sensitivity.csv,5a31efa19c7dbe83abe150882a8cd1a76f496aa4ad3d4d616eedaa34ea038e80,196
data/scenarios/independent_restoration.csv,334ba8364ed0b3f84f276aa39d190765564dd7e7ba76a2478959f2f633dad514,148
data/scenarios/pcc_carbon_grid.csv,cec6be40f1490875fde7e2199219f9df842aef008ce1f36fafa23022951c7aba,236
data/scenarios/proportional_restoration.csv,a5b5ef9baf2807cea1148fb4e8f6fc7007b20e35947e7561d458a4eef7f8b9a3,239
paper_data/Data_S10_Absolute_Penalty_Scaling.csv,5da963a5855384ce9e0a11b5b5434fd28ac9bb994949d2b44463d31f0632a2f2,2796
paper_data/Data_S11_PCC_Carbon_Grid.csv,f829c714e25e7f16e072e7dba997542201288d3bab8c5c8d55e962e00e60ff8a,9636
paper_data/Data_S1_Final_Annual_Profiles.csv,cf9f7afbbe9f5fd5b725828ec1d3b31af05275f86de71032a6f32639581f3412,1407455
paper_data/Data_S2_Representative_Period_Selection.csv,59c0322a706d232732f654ccd58b351a3b67564395fdbe7a1f761fbc61bd5672,246084
paper_data/Data_S3_Core_Coupling_25_Condition_Summary.csv,015f423b945fecaa094f619dce45efdc57deed4a374130519a2b10c585d1f1c6,10727
paper_data/Data_S4_NearOptimal_RO_All_Runs.csv,a6698d10c5b6efc491776b7882a0a7ce351ca3732a96b47362961eb7f7ebde87,47012
paper_data/Data_S5_Hard_Service_Result.csv,c50369ae2cd6c32d4af5ebcae96146ae828131aea7f1f8cb75b40cf94e34bed2,392
paper_data/Data_S6_Proportional_Augmentation_Details.csv,f47d56883e23dfba146d3719e2f39472403786c7a44dab9b36a212e6bc6bab9f,1562
paper_data/Data_S7_Independent_Augmentation_Details.csv,19cf65ed1d58eaa70a500c899409cfd75364aa41b7bfbea664f07c8da44ab0af,1432
paper_data/Data_S8_Feedwater_Sensitivity.csv,7eb45493c66606ab602d5a96c7864cd00ce46912324b4c8aada850f4b8b13d3e,4070
paper_data/Data_S9_H2_Profile_Sensitivity.csv,045904962370b933ee727c1a92107fb326c14db38acfedbfa7a56a3be7c37a06,2934
paper_data/Energy_Sections4_5_Integrated_Master_Data_v3_PUBLIC.xlsx,7c03b1477178530524e26cb227a0c282d096eb99d62adb3992b5a916cb0802d8,151179
paper_data/README_Supplementary_Data.txt,8ee04b9afbba7743c73b8715524addd7042df9e6cf44d5d1aeda9c854f2de8c9,1670
paper_data/Table_S1_NearOptimal_RO_Ranges.csv,35d91122810131829a0b0e86be24b3ab34a938455f06cc95d6188e94cced2729,1837
paper_data/Table_S2_RO_Only_and_Proportional_Augmentation.csv,0f8a98e8fd1ec8b738139b27ed642fbc3f6c60ff31fef4ffc69bcecfd6453f5b,536
paper_data/Table_S3_Independent_RO_WaterTank_Augmentation.csv,df192fc0ecc547a89e64530d4b5acfe29af7bfb06d37ed8ba809190e5862bca9,1421
paper_data/Table_S4_Absolute_Shortage_Penalty_Scaling.csv,51a77b8b0f791650c84b306d6aa6db2aaf5a05e72cf3dc753cc0464edf9f6316,399
profile_inputs/model_input_H2_FLAT24.csv,e1c23793570f0c34f0beb3a6ba09cf06baeb7e99527800d63a5ff86bb0244f41,11911041
profile_inputs/model_input_H2_SHIFT12.csv,cba7c478b86a1e5f91df698fd6e8cbd049cede67d483cf8fb14783214f685af0,11911064
provenance/source_register.csv,58a26a52a36af2481cc56af54309eab5137b24acbbb95f4c979425515c70c9bc,1379
results/absolute_penalty_scaling.csv,5da963a5855384ce9e0a11b5b5434fd28ac9bb994949d2b44463d31f0632a2f2,2796
results/article_key_results.csv,ddcfeb7d3186b73048a40172264393722c618b646689ccd1d1e702ae136f5907,1941
results/base_case_summary.csv,57c5fa5c0d2968b0fe7d3b3716903299a5b5a3c7fb55f78999a5c249ad5cfe82,1023
results/coupling_grid.csv,5887c2472053edf4f297dcc59fd6858006455d6e6a0718958a3014896e8ca65f,9669
results/feedwater_sensitivity.csv,acb12f708dfb9bfb3aa98619b19304d83c50ea5edbe13221e587ae220227f704,3577
results/hydrogen_profile_sensitivity.csv,d272bcd1473987fe32fe4705ee5e191e5182c9fdea6607a55dd68fe94fc11a52,2592
results/independent_restoration.csv,e3f3b5d25115054afd60949c54631fb07c02e3b91b9b04b6c0172deb025bb791,1363
results/pcc_carbon_grid.csv,a734624db87fb51efc78825100edcd93041d6f905098c799b2866cd53613e584,8871
results/proportional_restoration.csv,52568a2ba3de1136b2fb210126bd252fb202abbfa731da4ffdf8866e12821596,1446
results/selected_dispatch/base_decoupled_sizing.csv,febe82e344bdf38d255585071ca60991908e50f27c5e5e9e53206a4a3b3ebbf2,2568593
results/selected_dispatch/base_fixed_capacity_re_evaluation.csv,2f590266dc2f3fbd3a94339943a03088f8db2f231c351723038d579698dc1d27,2598056
results/selected_dispatch/base_full_coupled.csv,209d5bb4e3ab992ad6d2fc543e4b31f85b06def20b10c1703db22be608aea6ae,2568070
results/selected_dispatch/high_coupling_decoupled_sizing.csv,28a8ce6c204c1c15622d95fe6fb15b239e79eca43ddd5cb4d0ac58aa5e803c24,2574965
results/selected_dispatch/high_coupling_fixed_capacity_re_evaluation.csv,039128da3adb2573339f8a8b404209bf14ad673ad241e3e827788debe636af65,2643335
results/selected_dispatch/high_coupling_full_coupled.csv,ccb34378a7fd1e1b20ae93747fe88e627730bf3b532c13c5d9730ed5686c43dd,2580755
results/selected_dispatch/pcc_1p0_carbon_0.csv,106b92c1b4bf2eb0ee967d3bff597a3f62e85b3f9c85da868a66fb5ca13f600b,2549528
results/selected_dispatch/pcc_1p0_carbon_200.csv,35bfcd956b07614c1d3cfa85ca6062d2453e7a6bcb9e13344bac0dc5eb43d5a5,2539897
results/selected_dispatch/pcc_1p5_carbon_0.csv,9dba705869334b5a731306fb8dbfaf898ef93032a51e807ea4fd4999fd50b6ea,2574629
results/selected_dispatch/pcc_1p5_carbon_100.csv,150fc922434c32bb99637dd5c89dc2233ccec4260bf58f36c7343f6c7927c145,2573523
results/selected_dispatch/pcc_1p5_carbon_150.csv,209d5bb4e3ab992ad6d2fc543e4b31f85b06def20b10c1703db22be608aea6ae,2568070
results/selected_dispatch/pcc_1p5_carbon_200.csv,3f1999931c34734dde81b5876666cb76893a8d9037d33bb16f3b7a874cb583b5,2564924
results/selected_dispatch/pcc_2p0_carbon_0.csv,3c24b6112c2074b4e93cd03d3e2018c87b59f2402ee5f93038935d4b82b0b9e6,2583462
results/selected_dispatch/pcc_2p0_carbon_200.csv,b3e133ff0142c261c4de9084559b23e40b1dc86e9c80e014a639c77731176b59,2556305
software/model_input_full.csv,d687bf311e879ab548d68d873c21856dc451f8ac6d639c34f36fb433c6bc7fbf,11983354
software/parameters.json,31ccda915f3a5a184e09d43ec838d93af37c67c15f35f94690659bf51cbbc74b,7764
source/BUILD_ENVIRONMENT.md,de9637b88bf4cf34db478140937b942d5ed7058fa95e5379f883b991a6136811,628
source/CPLEX2212_x64_release.props,4082f6a748d99a6a49c56825acfdc3a39cebc42a32593f5e9916f3968ba7e70c,1065
source/JejuFullCoupled24h.vcxproj,ee88d8d5c2b0ec2bf880d3cfe4ccc658c069e78f8957f2afbc8362744f9541f9,4267
source/SOURCE_LINEAGE.md,d0ddfa9115669f041393b16d84832cec23d7202cb4ad9cecfe3a05eb17fd9b9d,1092
source/SOURCE_PATCH.diff,cd19a1ba92c461b402c04517910e1f0354101cef2c7773b05fe40d4411778b79,877
source/Source.cpp,1a3fc21dcd3647ba85276499ae1001eef0a734047a53dd0c99558aa7e210edc0,55229
source/build_release_x64.bat,f9db911d64f44b69bd2aa72afc26dd62602d2470a813bc2496ade18d6b21a832,1356
source/configure_cplex_paths.bat,cd5176ccd8b0d498acc809690ddf8722dfa62d4582c513600df9daed96216330,1517
validation/README.md,97ad289099c7418a93769394d8a12f1b9ef76ff07ee27502ffbbb4a00574fa70,617
validation/check_v1_1_evidence.py,631e1888a7d09162c4f552894c6b18ffc272372ce381fa9efd70070ca4ac8ebb,3001
validation/compare_base_run.py,e1a42922a15c9f13a31a63519efa5cc2e219d310b07b833c4cd6b69eedfc938f,4275
validation/h2_profile_input_check.txt,811786d0713ba8611d7ec6d52f30873a4fdf17131675d56bc77268b22ea0a1dd,175
validation/reference_base.json,e68a526ea5fcc646a0d314a65b55c9a17391151f2914d86b139c76fbe6d21a54,1187
validation/run_reproduction_check.ps1,140645c4e22742cc5b167f4f41aa365cb33d5bf2308e755a22a86749a1abbed8,7036
validation/static_validation_report.txt,31ea80a415aaf94e6ba8f018a3a011148b5711b584697b74e290c24ed014c080,2636
validation/validate_static.py,28a18310ce8f936f21c9bfdec09dffcea2162bee0a8d05b75a7649a2fd7b62ee,8376
validation/validated_base_result.txt,467419212a3f614c07ebfed6123cd6b035e49a8725c7c083da6d21e2940c08f1,809
