relative_path,size_bytes
CITATION.cff,363
DATA_LICENSE.txt,667
LICENSE,1069
README.md,4280
RUN_REPRODUCTION_CHECK.bat,300
code/build_key_tables.py,2962
code/create_h2_profile_inputs.py,3902
code/verify_archive.py,3185
data/data_dictionary.csv,26130
data/hourly_input.csv,1469550
data/parameter_table.csv,3959
data/parameters.json,7764
data/scenarios/coupling_grid.csv,246
data/scenarios/feedwater_sensitivity.csv,181
data/scenarios/hydrogen_profile_sensitivity.csv,196
data/scenarios/independent_restoration.csv,148
data/scenarios/pcc_carbon_grid.csv,236
data/scenarios/proportional_restoration.csv,239
data/scenarios/service_priority_sensitivity.csv,269
paper_data/Data_S1_Final_Annual_Profiles.csv,1407455
paper_data/Data_S2_Representative_Period_Selection.csv,246084
paper_data/Data_S3_Proportional_Augmentation_Details.csv,1562
paper_data/Data_S4_Independent_Augmentation_Details.csv,1432
paper_data/Data_S5_PCC_Carbon_Grid.csv,9636
paper_data/Data_S6_Core_Coupling_25_Condition_Summary.csv,10727
paper_data/Data_S7_Service_Penalty_Sensitivity.csv,3707
paper_data/Data_S8_Feedwater_Sensitivity.csv,4070
paper_data/Data_S9_H2_Profile_Sensitivity.csv,2934
paper_data/Energy_Sections4_5_Integrated_Master_Data_v3_PUBLIC.xlsx,151179
paper_data/README_Supplementary_Data.txt,1031
paper_data/Table_S1_Service_Penalty_Sensitivity.csv,346
paper_data/Table_S2_Proportional_Augmentation.csv,536
paper_data/Table_S3_Independent_Augmentation.csv,1421
profile_inputs/model_input_H2_FLAT24.csv,11911041
profile_inputs/model_input_H2_SHIFT12.csv,11911064
provenance/source_register.csv,1379
results/article_key_results.csv,1941
results/base_case_summary.csv,1023
results/coupling_grid.csv,9669
results/feedwater_sensitivity.csv,3577
results/hydrogen_profile_sensitivity.csv,2592
results/independent_restoration.csv,1363
results/pcc_carbon_grid.csv,8871
results/proportional_restoration.csv,1446
results/selected_dispatch/base_decoupled_sizing.csv,2568593
results/selected_dispatch/base_fixed_capacity_re_evaluation.csv,2598056
results/selected_dispatch/base_full_coupled.csv,2568070
results/selected_dispatch/high_coupling_decoupled_sizing.csv,2574965
results/selected_dispatch/high_coupling_fixed_capacity_re_evaluation.csv,2643335
results/selected_dispatch/high_coupling_full_coupled.csv,2580755
results/selected_dispatch/pcc_1p0_carbon_0.csv,2549528
results/selected_dispatch/pcc_1p0_carbon_200.csv,2539897
results/selected_dispatch/pcc_1p5_carbon_0.csv,2574629
results/selected_dispatch/pcc_1p5_carbon_100.csv,2573523
results/selected_dispatch/pcc_1p5_carbon_150.csv,2568070
results/selected_dispatch/pcc_1p5_carbon_200.csv,2564924
results/selected_dispatch/pcc_2p0_carbon_0.csv,2583462
results/selected_dispatch/pcc_2p0_carbon_200.csv,2556305
results/service_priority_sensitivity.csv,2796
software/model_input_full.csv,11983354
software/parameters.json,7764
source/BUILD_ENVIRONMENT.md,628
source/CPLEX2212_x64_release.props,1065
source/JejuFullCoupled24h.vcxproj,4267
source/SOURCE_LINEAGE.md,1092
source/SOURCE_PATCH.diff,877
source/Source.cpp,55229
source/build_release_x64.bat,1356
source/configure_cplex_paths.bat,1517
validation/README.md,617
validation/compare_base_run.py,4275
validation/h2_profile_input_check.txt,175
validation/reference_base.json,1187
validation/run_reproduction_check.ps1,7036
validation/static_validation_report.txt,2640
validation/validate_static.py,8380
validation/validated_base_result.txt,809
