penalty_level,water_scale_percent,H2_demand_kg_day,freshwater_shortage_penalty_USD_per_m3,hydrogen_shortage_penalty_USD_per_kg,objective_USD,freshwater_shortage_m3,freshwater_shortage_hours,H2_shortage_kg,penalty_excluded_objective_proxy_USD,total_grid_import_MWh,total_grid_export_MWh,total_diesel_MWh,total_CO2_t,negative_price_export_MWh
P10,100,3000,1000,25000,9614918.40129,1239.89068674,12,1.7905676941200001e-12,8375027.71454995,3953.95328694,6862.1756019,1800.62999509,2925.8102337,0
P100,100,3000,10000,250000,20772453.8862,1239.72428608,12,1.7905676941200001e-12,8375211.02539955,3953.24561817,6862.17560197,1801.33819188,2926.01671209,0
P1000,100,3000,100000,2500000,132347639.615,1239.72428608,22,1.7905676941200001e-12,8375211.00699552,3953.24561817,6862.17560207,1801.33819188,2926.01671209,0
P1_BASELINE,100,3000,100,2500,8481389.271,1279.96503596,12,1.7905676941200001e-12,8353392.76740399,3849.58391914,6824.79659742,1779.36434718,2867.1892499,0
P10,100,5000,1000,25000,14516328.7042,2149.66169031,34,-4.007461029690001e-12,12366667.0138901,3310.03426971,7120.31860727,1695.3470438,2582.50522743,0
P100,100,5000,10000,250000,33848563.8439,2147.91236424,29,-4.007461029690001e-12,12369440.201501,3310.04930044,7120.31860817,1702.06176464,2587.26917472,0
P1000,100,5000,100000,2500000,227160676.612,2147.91236424,28,-4.007461029690001e-12,12369440.18801,3310.04930044,7120.31860817,1702.06176464,2587.26917472,0
P1_BASELINE,100,5000,100,2500,12561102.8681,2208.45388436,17,-4.007461029690001e-12,12340257.479664,3185.86000412,7165.93725118,1680.03649361,2519.83910836,0
P10,50,8000,1000,25000,23883387.0115,5658.93137298,145,1.81898940355e-12,18224455.63852,3573.2254662,8402.04881337,1721.44994739,2710.82996869,0
P100,50,8000,10000,250000,73028355.6833,5446.84373638,130,1.81898940355e-12,18559918.3194995,3573.2254662,8405.04881337,2534.38800006,3286.83232472,0
P1000,50,8000,100000,2500000,563244291.96,5446.84373638,132,1.81898940355e-12,18559918.3219955,3573.2254662,8403.54881333,2534.38800006,3286.83232472,0
P1_BASELINE,50,8000,100,2500,18718038.2694,5918.31013332,145,1.81898940355e-12,18126207.256068,2817.94920126,7733.39819472,1650.52486695,2345.39964519,0
P10,50,10000,1000,25000,30469008.9206,8148.51348787,215,-5.45696821064e-12,22320495.4327301,3097.43755648,8647.26970444,1701.6569844,2498.25948936,0
P100,50,10000,10000,250000,101540427.004,7885.53399923,204,-5.45696821064e-12,22685087.0117014,2867.05617783,9035.1909008,2710.98565597,3117.27508507,0
P1000,50,10000,100000,2500000,811238483.975,7885.53360855,203,-5.45696821064e-12,22685123.1200136,2867.05617783,9031.51896693,2710.98565597,3117.27508507,0
P1_BASELINE,50,10000,100,2500,23107253.4868,8281.81099797,222,-5.45696821064e-12,22279072.387003,2826.2344291,8148.34071453,1621.71723957,2328.44560006,0
