Freshwater demand scale (%),External H2 service (kg-H2/day),Reference optimum RO (m3/h),Benchmark optimum RO (m3/h),Reference 0.01% range (m3/h),Benchmark 0.01% range (m3/h),Range relation
50,1000,51.047,50.288,50.090-53.265,49.468-52.519,Overlapping
50,3000,52.315,50.487,50.990-53.644,49.155-51.753,Overlapping
50,5000,52.972,50.097,51.390-54.608,48.465-51.484,Overlapping
50,8000,54.507,49.827,52.750-56.589,47.693-51.713,Separated
50,10000,55.698,49.709,53.892-58.183,47.539-52.028,Separated
75,1000,76.424,75.790,75.263-79.017,74.635-78.294,Overlapping
75,3000,77.829,76.001,76.066-79.290,74.237-77.403,Overlapping
75,5000,78.192,75.350,75.902-80.168,72.983-77.046,Overlapping
75,8000,79.188,74.430,76.792-82.133,71.986-77.169,Overlapping
75,10000,80.379,74.264,77.871-83.763,71.684-77.568,Separated
100,1000,102.008,101.436,100.722-104.891,100.077-104.197,Overlapping
100,3000,103.285,101.487,101.174-105.047,99.369-103.150,Overlapping
100,5000,103.092,100.473,100.798-105.764,97.925-102.570,Overlapping
100,8000,104.693,99.830,101.342-107.831,96.689-102.795,Overlapping
100,10000,105.817,99.697,102.061-109.505,96.206-103.250,Overlapping
125,1000,128.129,127.754,126.380-131.271,125.737-130.572,Overlapping
125,3000,129.159,127.260,126.185-131.024,124.389-129.092,Overlapping
125,5000,128.913,125.821,125.643-131.654,122.843-128.384,Overlapping
125,8000,129.746,125.224,125.769-133.815,121.202-128.652,Overlapping
125,10000,130.857,125.477,126.355-135.595,120.678-129.187,Overlapping
150,1000,154.760,154.290,152.438-157.657,151.789-156.973,Overlapping
150,3000,154.944,153.075,151.355-157.096,149.576-155.145,Overlapping
150,5000,155.061,151.586,151.071-157.549,148.141-154.335,Overlapping
150,8000,155.420,150.701,150.421-159.848,145.832-154.637,Overlapping
150,10000,156.533,150.701,150.969-161.698,145.260-155.213,Overlapping
