metric,value
status,Optimal
hard_service_mode,0
objective_USD,18105573.7177
horizon_hours,8760
capital_scale,1
decoupled_water_balance,1
fixed_capacity_mode,0
stress_mode,0
grid_import_cap_MW,1.5
grid_export_cap_MW,1.5
carbon_tax_USD_per_tCO2,150
avg_grid_buy_price_USD_kWh,0.0774330939445
avg_grid_sell_price_USD_kWh,0.0619464751556
total_grid_import_MWh,2802.45341172
total_grid_export_MWh,7755.05299385
total_grid_purchase_cost_USD,213534.399736
total_grid_export_revenue_USD,495005.36824
net_grid_cost_USD,-281470.968503
total_diesel_MWh,1638.93465403
total_PV_MWh,86099.2212895
total_WT_MWh,88298.7718909
total_RE_curtailment_MWh,15803.8661751
total_RO_water_m3,365000
total_freshwater_shortage_m3,0
total_H2_produced_kg,2951374.09535
total_H2_consumed_by_FC_kg,31374.0953484
total_H2_external_load_kg,2920000
total_H2_served_kg,2920000
total_H2_shortage_kg,0
H2_shortage_ratio,0
total_EL_feedwater_m3,38367.8632395
EL_feedwater_to_community_water_ratio,0.117465059072
total_CO2_t,2330.72107672
