"water_scale_percent","H2_service_kg_day","reference_opt_K_RO","benchmark_opt_K_RO","optimum_deviation_percent","reference_min_K_RO","reference_max_K_RO","benchmark_min_K_RO","benchmark_max_K_RO","separation_margin_m3_h","range_relation"
"50","1000","51.0470620100869","50.2878892649315","-1.48720164346654","50.0895093259116","53.2652178492263","49.4677361410609","52.5189629963823","-2.4294536704707","OVERLAP_OR_TOUCH"
"50","3000","52.3150031022677","50.4874511715497","-3.49336102904443","50.9901245526888","53.6443356760587","49.1548846010005","51.7525618953182","-0.762437342629404","OVERLAP_OR_TOUCH"
"50","5000","52.971703047162","50.0972210866162","-5.42644807546886","51.3899943813813","54.6083719717795","48.4646921230366","51.4838993128079","-0.0939049314266001","OVERLAP_OR_TOUCH"
"50","8000","54.507051306454","49.8269534027442","-8.58622470218939","52.7501288860498","56.5888682494627","47.6932111840828","51.7128977353098","1.03723115074","STRICT_SEPARATION"
"50","10000","55.6980384713566","49.7094651042857","-10.75185685426","53.8915038983112","58.1831137366031","47.5394950169003","52.0283195017897","1.8631843965215","STRICT_SEPARATION"
"75","1000","76.4242947038642","75.7896885521433","-0.830372271252135","75.2628718475698","79.0166200580182","74.635309074834","78.2943528507652","-3.0314810031954","OVERLAP_OR_TOUCH"
"75","3000","77.8288902629285","76.001176938829","-2.34837387238203","76.0662798984489","79.2901760150541","74.2369050890482","77.4025185681022","-1.3362386696533","OVERLAP_OR_TOUCH"
"75","5000","78.191774046145","75.3504397251789","-3.63380209187897","75.9016271222028","80.1677610436349","72.9832115551428","77.046280108192","-1.1446529859892","OVERLAP_OR_TOUCH"
"75","8000","79.1881681578531","74.4300823026206","-6.00858179437585","76.7918242216878","82.132725833537","71.9862375779792","77.1690444705597","-0.377220248871893","OVERLAP_OR_TOUCH"
"75","10000","80.3787433756566","74.26439694392","-7.60691965929437","77.8706599352444","83.7634125160323","71.6842681584497","77.5681120192002","0.302547916044205","STRICT_SEPARATION"
"100","1000","102.007528866855","101.435750491229","-0.560525661171842","100.721812206973","104.890767959077","100.076612806925","104.1972118617","-3.475399654727","OVERLAP_OR_TOUCH"
"100","3000","103.28465537164","101.48717046733","-1.74032134574324","101.173959261626","105.046887150383","99.3693279633534","103.149651294671","-1.97569203304501","OVERLAP_OR_TOUCH"
"100","5000","103.092190758877","100.473106819744","-2.54052602806626","100.797847574376","105.76360427336","97.9252772448668","102.569527400915","-1.77167982653901","OVERLAP_OR_TOUCH"
"100","8000","104.693072492568","99.8300510715972","-4.64502693940521","101.342246701805","107.831066373866","96.6894782071485","102.79535353621","-1.45310683440501","OVERLAP_OR_TOUCH"
"100","10000","105.817242230482","99.6968034287024","-5.78397118727455","102.06147845421","109.505375286532","96.2063990173328","103.249787618016","-1.188309163806","OVERLAP_OR_TOUCH"
"125","1000","128.128900449864","127.754046233067","-0.292560238541719","126.379514706082","131.271366447686","125.736721998943","130.571641098082","-4.19212639200001","OVERLAP_OR_TOUCH"
"125","3000","129.158781422828","127.260069863505","-1.47005998229977","126.184986360501","131.023544023523","124.389229780832","129.09217968759","-2.907193327089","OVERLAP_OR_TOUCH"
"125","5000","128.912537597019","125.821246730093","-2.3979753440192","125.643445697239","131.65370818167","122.843343063349","128.384191824598","-2.74074612735899","OVERLAP_OR_TOUCH"
"125","8000","129.745674544609","125.223676574138","-3.48527840048821","125.769288138474","133.814964031754","121.201736317228","128.652127229136","-2.882839090662","OVERLAP_OR_TOUCH"
"125","10000","130.856896219921","125.477310535933","-4.11104484317506","126.35491491951","135.594933149882","120.678326201537","129.186884038716","-2.83196911920599","OVERLAP_OR_TOUCH"
"150","1000","154.760345466002","154.290241346512","-0.303762645446715","152.438133430717","157.656563086414","151.788732014021","156.972827515233","-4.53469408451602","OVERLAP_OR_TOUCH"
"150","3000","154.944023773186","153.074946351637","-1.20629203762323","151.354809015754","157.096363410944","149.575978175419","155.144838322221","-3.79002930646701","OVERLAP_OR_TOUCH"
"150","5000","155.061463868428","151.58599561569","-2.24134879552472","151.070717947381","157.548868773723","148.141287487448","154.335175991477","-3.26445804409599","OVERLAP_OR_TOUCH"
"150","8000","155.419588590388","150.700879450358","-3.03610965826597","150.420806221772","159.847556165021","145.831842975415","154.636794379019","-4.21598815724698","OVERLAP_OR_TOUCH"
"150","10000","156.533091783747","150.700879450358","-3.72586541729228","150.968530256396","161.698359012913","145.26001591311","155.213097825311","-4.24456756891499","OVERLAP_OR_TOUCH"
