"water_scale_percent","H2_service_kg_day","formulation","audit_mode","cplex_status","process_exit_code","economic_objective_USD","economic_objective_upper_bound_USD","K_RO_m3_h","audit_objective_value","best_bound","achieved_relative_mip_gap","solve_wall_time_s","freshwater_shortage_m3_yr","H2_shortage_kg_yr","summary_file","capacity_file","successful"
"50","1000","C1","BASE","Optimal","0","4334857.10028652","NaN","51.0470620100869","4334857.10028648","4334857.10028648","0","41.0100223","0","0","summary_full_coupled_C1_C1_EPSBASE_WATER50_H2D1000_GRIDCAP1.5_TAX150.csv","capacity_full_coupled_C1_C1_EPSBASE_WATER50_H2D1000_GRIDCAP1.5_TAX150.csv","1"
"50","1000","C1","MINRO","Optimal","0","4335290.58599636","4335290.58599655","50.0895093259116","50.0895093259116","50.0895093259116","0","99.0674515","0","0","summary_full_coupled_C1_C1_EPSMINRO_WATER50_H2D1000_GRIDCAP1.5_TAX150.csv","capacity_full_coupled_C1_C1_EPSMINRO_WATER50_H2D1000_GRIDCAP1.5_TAX150.csv","1"
"50","1000","C1","MAXRO","Optimal","0","4335290.58599518","4335290.58599655","53.2652178492263","53.2652178492263","53.2652178492263","0","132.5412032","0","0","summary_full_coupled_C1_C1_EPSMAXRO_WATER50_H2D1000_GRIDCAP1.5_TAX150.csv","capacity_full_coupled_C1_C1_EPSMAXRO_WATER50_H2D1000_GRIDCAP1.5_TAX150.csv","1"
"50","1000","C2","BASE","Optimal","0","4330362.55812167","NaN","50.2878892649315","4330362.55812097","4330362.55812252","0","62.520939","0","0","summary_decoupled_C2_C2_EPSBASE_WATER50_H2D1000_GRIDCAP1.5_TAX150.csv","capacity_decoupled_C2_C2_EPSBASE_WATER50_H2D1000_GRIDCAP1.5_TAX150.csv","1"
"50","1000","C2","MINRO","Optimal","0","4330795.59437775","4330795.59437748","49.4677361410609","49.4677361410609","49.4677361410609","0","134.7670733","0","0","summary_decoupled_C2_C2_EPSMINRO_WATER50_H2D1000_GRIDCAP1.5_TAX150.csv","capacity_decoupled_C2_C2_EPSMINRO_WATER50_H2D1000_GRIDCAP1.5_TAX150.csv","1"
"50","1000","C2","MAXRO","Optimal","0","4330795.59437847","4330795.59437748","52.5189629963823","52.5189629963823","52.5189629963823","0","174.1692744","0","0","summary_decoupled_C2_C2_EPSMAXRO_WATER50_H2D1000_GRIDCAP1.5_TAX150.csv","capacity_decoupled_C2_C2_EPSMAXRO_WATER50_H2D1000_GRIDCAP1.5_TAX150.csv","1"
"50","3000","C1","BASE","Optimal","0","8005245.91762731","NaN","52.3150031022677","8005245.91762597","8005245.91762781","0","68.4781046","0","0","summary_full_coupled_C1_C1_EPSBASE_WATER50_H2D3000_GRIDCAP1.5_TAX150.csv","capacity_full_coupled_C1_C1_EPSBASE_WATER50_H2D3000_GRIDCAP1.5_TAX150.csv","1"
"50","3000","C1","MINRO","Optimal","0","8006046.44221852","8006046.44221907","50.9901245526888","50.9901245526888","50.9901245526888","0","115.2505017","0","0","summary_full_coupled_C1_C1_EPSMINRO_WATER50_H2D3000_GRIDCAP1.5_TAX150.csv","capacity_full_coupled_C1_C1_EPSMINRO_WATER50_H2D3000_GRIDCAP1.5_TAX150.csv","1"
"50","3000","C1","MAXRO","Optimal","0","8006046.44222151","8006046.44221907","53.6443356760587","53.6443356760587","53.6443356760587","0","87.6466719","0","0","summary_full_coupled_C1_C1_EPSMAXRO_WATER50_H2D3000_GRIDCAP1.5_TAX150.csv","capacity_full_coupled_C1_C1_EPSMAXRO_WATER50_H2D3000_GRIDCAP1.5_TAX150.csv","1"
"50","3000","C2","BASE","Optimal","0","7992479.22156453","NaN","50.4874511715497","7992479.22156147","7992479.22156382","0","100.5902643","0","0","summary_decoupled_C2_C2_EPSBASE_WATER50_H2D3000_GRIDCAP1.5_TAX150.csv","capacity_decoupled_C2_C2_EPSBASE_WATER50_H2D3000_GRIDCAP1.5_TAX150.csv","1"
"50","3000","C2","MINRO","Optimal","0","7993278.4694834","7993278.46948669","49.1548846010005","49.1548846010005","49.1548846010005","0","109.2031561","0","0","summary_decoupled_C2_C2_EPSMINRO_WATER50_H2D3000_GRIDCAP1.5_TAX150.csv","capacity_decoupled_C2_C2_EPSMINRO_WATER50_H2D3000_GRIDCAP1.5_TAX150.csv","1"
"50","3000","C2","MAXRO","Optimal","0","7993278.46948569","7993278.46948669","51.7525618953182","51.7525618953182","51.7525618953182","0","99.6030311","0","0","summary_decoupled_C2_C2_EPSMAXRO_WATER50_H2D3000_GRIDCAP1.5_TAX150.csv","capacity_decoupled_C2_C2_EPSMAXRO_WATER50_H2D3000_GRIDCAP1.5_TAX150.csv","1"
"50","5000","C1","BASE","Optimal","0","11991483.3691351","NaN","52.971703047162","11991483.3691324","11991483.3691349","0","81.4064725","0","0","summary_full_coupled_C1_C1_EPSBASE_WATER50_H2D5000_GRIDCAP1.5_TAX150.csv","capacity_full_coupled_C1_C1_EPSBASE_WATER50_H2D5000_GRIDCAP1.5_TAX150.csv","1"
"50","5000","C1","MINRO","Optimal","0","11992682.5174736","11992682.517472","51.3899943813813","51.3899943813813","51.3899943813813","0","103.4846522","0","0","summary_full_coupled_C1_C1_EPSMINRO_WATER50_H2D5000_GRIDCAP1.5_TAX150.csv","capacity_full_coupled_C1_C1_EPSMINRO_WATER50_H2D5000_GRIDCAP1.5_TAX150.csv","1"
"50","5000","C1","MAXRO","Optimal","0","11992682.5174695","11992682.517472","54.6083719717795","54.6083719717795","54.6083719717795","0","98.2033111","0","0","summary_full_coupled_C1_C1_EPSMAXRO_WATER50_H2D5000_GRIDCAP1.5_TAX150.csv","capacity_full_coupled_C1_C1_EPSMAXRO_WATER50_H2D5000_GRIDCAP1.5_TAX150.csv","1"
"50","5000","C2","BASE","Optimal","0","11969966.2987637","NaN","50.0972210866162","11969966.2987602","11969966.2987661","0","105.5277816","0","0","summary_decoupled_C2_C2_EPSBASE_WATER50_H2D5000_GRIDCAP1.5_TAX150.csv","capacity_decoupled_C2_C2_EPSBASE_WATER50_H2D5000_GRIDCAP1.5_TAX150.csv","1"
"50","5000","C2","MINRO","Optimal","0","11971163.2953943","11971163.2953936","48.4646921230366","48.4646921230366","48.4646921230366","0","149.4855728","0","0","summary_decoupled_C2_C2_EPSMINRO_WATER50_H2D5000_GRIDCAP1.5_TAX150.csv","capacity_decoupled_C2_C2_EPSMINRO_WATER50_H2D5000_GRIDCAP1.5_TAX150.csv","1"
"50","5000","C2","MAXRO","Optimal","0","11971163.2953923","11971163.2953936","51.4838993128079","51.4838993128079","51.4838993128079","0","120.5534369","0","0","summary_decoupled_C2_C2_EPSMAXRO_WATER50_H2D5000_GRIDCAP1.5_TAX150.csv","capacity_decoupled_C2_C2_EPSMAXRO_WATER50_H2D5000_GRIDCAP1.5_TAX150.csv","1"
"50","8000","C1","BASE","Optimal","0","18139833.6242438","NaN","54.507051306454","18139833.6242533","18139833.6242533","0","81.5589844","0","0","summary_full_coupled_C1_C1_EPSBASE_WATER50_H2D8000_GRIDCAP1.5_TAX150.csv","capacity_full_coupled_C1_C1_EPSBASE_WATER50_H2D8000_GRIDCAP1.5_TAX150.csv","1"
"50","8000","C1","MINRO","Optimal","0","18141647.6076196","18141647.6076062","52.7501288860498","52.7501288860498","52.7501288860498","0","129.3368121","0","0","summary_full_coupled_C1_C1_EPSMINRO_WATER50_H2D8000_GRIDCAP1.5_TAX150.csv","capacity_full_coupled_C1_C1_EPSMINRO_WATER50_H2D8000_GRIDCAP1.5_TAX150.csv","1"
"50","8000","C1","MAXRO","Optimal","0","18141647.6076168","18141647.6076062","56.5888682494627","56.5888682494627","56.5888682494627","0","113.0219278","0","0","summary_full_coupled_C1_C1_EPSMAXRO_WATER50_H2D8000_GRIDCAP1.5_TAX150.csv","capacity_full_coupled_C1_C1_EPSMAXRO_WATER50_H2D8000_GRIDCAP1.5_TAX150.csv","1"
"50","8000","C2","BASE","Optimal","0","18105573.7177001","NaN","49.8269534027442","18105573.7177029","18105573.7177029","0","95.0021021","0","0","summary_decoupled_C2_C2_EPSBASE_WATER50_H2D8000_GRIDCAP1.5_TAX150.csv","capacity_decoupled_C2_C2_EPSBASE_WATER50_H2D8000_GRIDCAP1.5_TAX150.csv","1"
"50","8000","C2","MINRO","Optimal","0","18107384.2750619","18107384.2750719","47.6932111840828","47.6932111840828","47.6932111840828","0","127.5021157","0","0","summary_decoupled_C2_C2_EPSMINRO_WATER50_H2D8000_GRIDCAP1.5_TAX150.csv","capacity_decoupled_C2_C2_EPSMINRO_WATER50_H2D8000_GRIDCAP1.5_TAX150.csv","1"
"50","8000","C2","MAXRO","Optimal","0","18107384.2750816","18107384.2750719","51.7128977353098","51.7128977353098","51.7128977353098","0","150.4298865","0","0","summary_decoupled_C2_C2_EPSMAXRO_WATER50_H2D8000_GRIDCAP1.5_TAX150.csv","capacity_decoupled_C2_C2_EPSMAXRO_WATER50_H2D8000_GRIDCAP1.5_TAX150.csv","1"
"50","10000","C1","BASE","Optimal","0","22296782.9786248","NaN","55.6980384713566","22296782.9786282","22296782.9786282","0","75.2176785","0","0","summary_full_coupled_C1_C1_EPSBASE_WATER50_H2D10000_GRIDCAP1.5_TAX150.csv","capacity_full_coupled_C1_C1_EPSBASE_WATER50_H2D10000_GRIDCAP1.5_TAX150.csv","1"
"50","10000","C1","MINRO","Optimal","0","22299012.6569161","22299012.6569227","53.8915038983112","53.8915038983112","53.8915038983112","0","127.5198529","0","0","summary_full_coupled_C1_C1_EPSMINRO_WATER50_H2D10000_GRIDCAP1.5_TAX150.csv","capacity_full_coupled_C1_C1_EPSMINRO_WATER50_H2D10000_GRIDCAP1.5_TAX150.csv","1"
"50","10000","C1","MAXRO","Optimal","0","22299012.6569354","22299012.6569227","58.1831137366031","58.1831137366031","58.1831137366031","0","132.2087379","0","0","summary_full_coupled_C1_C1_EPSMAXRO_WATER50_H2D10000_GRIDCAP1.5_TAX150.csv","capacity_full_coupled_C1_C1_EPSMAXRO_WATER50_H2D10000_GRIDCAP1.5_TAX150.csv","1"
"50","10000","C2","BASE","Optimal","0","22253820.0853203","NaN","49.7094651042857","22253820.0853291","22253820.0853291","0","106.7295369","0","0","summary_decoupled_C2_C2_EPSBASE_WATER50_H2D10000_GRIDCAP1.5_TAX150.csv","capacity_decoupled_C2_C2_EPSBASE_WATER50_H2D10000_GRIDCAP1.5_TAX150.csv","1"
"50","10000","C2","MINRO","Optimal","0","22256045.4673285","22256045.4673288","47.5394950169003","47.5394950169003","47.5394950169003","0","133.483169","0","0","summary_decoupled_C2_C2_EPSMINRO_WATER50_H2D10000_GRIDCAP1.5_TAX150.csv","capacity_decoupled_C2_C2_EPSMINRO_WATER50_H2D10000_GRIDCAP1.5_TAX150.csv","1"
"50","10000","C2","MAXRO","Optimal","0","22256045.4673364","22256045.4673288","52.0283195017897","52.0283195017897","52.0283195017897","0","214.2982759","0","0","summary_decoupled_C2_C2_EPSMAXRO_WATER50_H2D10000_GRIDCAP1.5_TAX150.csv","capacity_decoupled_C2_C2_EPSMAXRO_WATER50_H2D10000_GRIDCAP1.5_TAX150.csv","1"
"75","1000","C1","BASE","Optimal","0","4509529.73046571","NaN","76.4242947038642","4509529.73046267","4509529.73046267","0","46.0704936","0","0","summary_full_coupled_C1_C1_EPSBASE_WATER75_H2D1000_GRIDCAP1.5_TAX150.csv","capacity_full_coupled_C1_C1_EPSBASE_WATER75_H2D1000_GRIDCAP1.5_TAX150.csv","1"
"75","1000","C1","MINRO","Optimal","0","4509980.68343899","4509980.68343876","75.2628718475698","75.2628718475698","75.2628718475698","0","107.4621327","0","0","summary_full_coupled_C1_C1_EPSMINRO_WATER75_H2D1000_GRIDCAP1.5_TAX150.csv","capacity_full_coupled_C1_C1_EPSMINRO_WATER75_H2D1000_GRIDCAP1.5_TAX150.csv","1"
"75","1000","C1","MAXRO","Optimal","0","4509980.68343949","4509980.68343876","79.0166200580182","79.0166200580182","79.0166200580182","0","110.674091","0","0","summary_full_coupled_C1_C1_EPSMAXRO_WATER75_H2D1000_GRIDCAP1.5_TAX150.csv","capacity_full_coupled_C1_C1_EPSMAXRO_WATER75_H2D1000_GRIDCAP1.5_TAX150.csv","1"
"75","1000","C2","BASE","Optimal","0","4505023.2077443","NaN","75.7896885521433","4505023.20774599","4505023.20774782","0","83.6130395","0","0","summary_decoupled_C2_C2_EPSBASE_WATER75_H2D1000_GRIDCAP1.5_TAX150.csv","capacity_decoupled_C2_C2_EPSBASE_WATER75_H2D1000_GRIDCAP1.5_TAX150.csv","1"
"75","1000","C2","MINRO","Optimal","0","4505473.71006526","4505473.71006508","74.635309074834","74.635309074834","74.635309074834","0","115.3262611","0","0","summary_decoupled_C2_C2_EPSMINRO_WATER75_H2D1000_GRIDCAP1.5_TAX150.csv","capacity_decoupled_C2_C2_EPSMINRO_WATER75_H2D1000_GRIDCAP1.5_TAX150.csv","1"
"75","1000","C2","MAXRO","Optimal","0","4505473.71006595","4505473.71006508","78.2943528507652","78.2943528507652","78.2943528507652","0","135.487383","0","0","summary_decoupled_C2_C2_EPSMAXRO_WATER75_H2D1000_GRIDCAP1.5_TAX150.csv","capacity_decoupled_C2_C2_EPSMAXRO_WATER75_H2D1000_GRIDCAP1.5_TAX150.csv","1"
"75","3000","C1","BASE","Optimal","0","8180764.62828464","NaN","77.8288902629285","8180764.62828321","8180764.62828541","0","87.2222098","0","0","summary_full_coupled_C1_C1_EPSBASE_WATER75_H2D3000_GRIDCAP1.5_TAX150.csv","capacity_full_coupled_C1_C1_EPSBASE_WATER75_H2D3000_GRIDCAP1.5_TAX150.csv","1"
"75","3000","C1","MINRO","Optimal","0","8181582.70474723","8181582.70474747","76.0662798984489","76.0662798984489","76.0662798984489","0","90.9872349","0","0","summary_full_coupled_C1_C1_EPSMINRO_WATER75_H2D3000_GRIDCAP1.5_TAX150.csv","capacity_full_coupled_C1_C1_EPSMINRO_WATER75_H2D3000_GRIDCAP1.5_TAX150.csv","1"
"75","3000","C1","MAXRO","Optimal","0","8181582.7047482","8181582.70474747","79.2901760150541","79.2901760150541","79.2901760150541","0","101.3434132","0","0","summary_full_coupled_C1_C1_EPSMAXRO_WATER75_H2D3000_GRIDCAP1.5_TAX150.csv","capacity_full_coupled_C1_C1_EPSMAXRO_WATER75_H2D3000_GRIDCAP1.5_TAX150.csv","1"
"75","3000","C2","BASE","Optimal","0","8167987.44050302","NaN","76.001176938829","8167987.44050492","8167987.44050932","0","86.7310409","0","0","summary_decoupled_C2_C2_EPSBASE_WATER75_H2D3000_GRIDCAP1.5_TAX150.csv","capacity_decoupled_C2_C2_EPSBASE_WATER75_H2D3000_GRIDCAP1.5_TAX150.csv","1"
"75","3000","C2","MINRO","Optimal","0","8168804.23924478","8168804.23924707","74.2369050890482","74.2369050890482","74.2369050890482","0","125.0453794","0","0","summary_decoupled_C2_C2_EPSMINRO_WATER75_H2D3000_GRIDCAP1.5_TAX150.csv","capacity_decoupled_C2_C2_EPSMINRO_WATER75_H2D3000_GRIDCAP1.5_TAX150.csv","1"
"75","3000","C2","MAXRO","Optimal","0","8168804.23924481","8168804.23924707","77.4025185681022","77.4025185681022","77.4025185681022","0","111.8085457","0","0","summary_decoupled_C2_C2_EPSMAXRO_WATER75_H2D3000_GRIDCAP1.5_TAX150.csv","capacity_decoupled_C2_C2_EPSMAXRO_WATER75_H2D3000_GRIDCAP1.5_TAX150.csv","1"
"75","5000","C1","BASE","Optimal","0","12169260.663006","NaN","78.191774046145","12169260.6630056","12169260.6630087","0","81.7670481","0","0","summary_full_coupled_C1_C1_EPSBASE_WATER75_H2D5000_GRIDCAP1.5_TAX150.csv","capacity_full_coupled_C1_C1_EPSBASE_WATER75_H2D5000_GRIDCAP1.5_TAX150.csv","1"
"75","5000","C1","MINRO","Optimal","0","12170477.5890676","12170477.5890723","75.9016271222028","75.9016271222028","75.9016271222028","0","96.346814","0","0","summary_full_coupled_C1_C1_EPSMINRO_WATER75_H2D5000_GRIDCAP1.5_TAX150.csv","capacity_full_coupled_C1_C1_EPSMINRO_WATER75_H2D5000_GRIDCAP1.5_TAX150.csv","1"
"75","5000","C1","MAXRO","Optimal","0","12170477.5890775","12170477.5890723","80.1677610436349","80.1677610436349","80.1677610436349","0","106.8221407","0","0","summary_full_coupled_C1_C1_EPSMAXRO_WATER75_H2D5000_GRIDCAP1.5_TAX150.csv","capacity_full_coupled_C1_C1_EPSMAXRO_WATER75_H2D5000_GRIDCAP1.5_TAX150.csv","1"
"75","5000","C2","BASE","Optimal","0","12147724.4783726","NaN","75.3504397251789","12147724.4783707","12147724.4783707","0","93.0726906","0","0","summary_decoupled_C2_C2_EPSBASE_WATER75_H2D5000_GRIDCAP1.5_TAX150.csv","capacity_decoupled_C2_C2_EPSBASE_WATER75_H2D5000_GRIDCAP1.5_TAX150.csv","1"
"75","5000","C2","MINRO","Optimal","0","12148939.2508221","12148939.2508204","72.9832115551428","72.9832115551428","72.9832115551428","0","109.3083476","0","0","summary_decoupled_C2_C2_EPSMINRO_WATER75_H2D5000_GRIDCAP1.5_TAX150.csv","capacity_decoupled_C2_C2_EPSMINRO_WATER75_H2D5000_GRIDCAP1.5_TAX150.csv","1"
"75","5000","C2","MAXRO","Optimal","0","12148939.2508244","12148939.2508204","77.046280108192","77.046280108192","77.046280108192","0","125.5074822","0","0","summary_decoupled_C2_C2_EPSMAXRO_WATER75_H2D5000_GRIDCAP1.5_TAX150.csv","capacity_decoupled_C2_C2_EPSMAXRO_WATER75_H2D5000_GRIDCAP1.5_TAX150.csv","1"
"75","8000","C1","BASE","Optimal","0","18318254.0284437","NaN","79.1881681578531","18318254.0284452","18318254.0284452","0","75.9276097","0","0","summary_full_coupled_C1_C1_EPSBASE_WATER75_H2D8000_GRIDCAP1.5_TAX150.csv","capacity_full_coupled_C1_C1_EPSBASE_WATER75_H2D8000_GRIDCAP1.5_TAX150.csv","1"
"75","8000","C1","MINRO","Optimal","0","18320085.8538403","18320085.8538465","76.7918242216878","76.7918242216878","76.7918242216878","0","118.0760394","0","0","summary_full_coupled_C1_C1_EPSMINRO_WATER75_H2D8000_GRIDCAP1.5_TAX150.csv","capacity_full_coupled_C1_C1_EPSMINRO_WATER75_H2D8000_GRIDCAP1.5_TAX150.csv","1"
"75","8000","C1","MAXRO","Optimal","0","18320085.8538431","18320085.8538465","82.132725833537","82.132725833537","82.132725833537","0","123.8213385","0","0","summary_full_coupled_C1_C1_EPSMAXRO_WATER75_H2D8000_GRIDCAP1.5_TAX150.csv","capacity_full_coupled_C1_C1_EPSMAXRO_WATER75_H2D8000_GRIDCAP1.5_TAX150.csv","1"
"75","8000","C2","BASE","Optimal","0","18283878.9370102","NaN","74.4300823026206","18283878.9370117","18283878.9370117","0","92.072154","0","0","summary_decoupled_C2_C2_EPSBASE_WATER75_H2D8000_GRIDCAP1.5_TAX150.csv","capacity_decoupled_C2_C2_EPSBASE_WATER75_H2D8000_GRIDCAP1.5_TAX150.csv","1"
"75","8000","C2","MINRO","Optimal","0","18285707.32489","18285707.3249039","71.9862375779792","71.9862375779792","71.9862375779792","0","149.6558969","0","0","summary_decoupled_C2_C2_EPSMINRO_WATER75_H2D8000_GRIDCAP1.5_TAX150.csv","capacity_decoupled_C2_C2_EPSMINRO_WATER75_H2D8000_GRIDCAP1.5_TAX150.csv","1"
"75","8000","C2","MAXRO","Optimal","0","18285707.3249154","18285707.3249039","77.1690444705597","77.1690444705597","77.1690444705597","0","135.3954364","0","0","summary_decoupled_C2_C2_EPSMAXRO_WATER75_H2D8000_GRIDCAP1.5_TAX150.csv","capacity_decoupled_C2_C2_EPSMAXRO_WATER75_H2D8000_GRIDCAP1.5_TAX150.csv","1"
"75","10000","C1","BASE","Optimal","0","22475427.2305536","NaN","80.3787433756566","22475427.2305488","22475427.2305527","0","70.6287509","0","0","summary_full_coupled_C1_C1_EPSBASE_WATER75_H2D10000_GRIDCAP1.5_TAX150.csv","capacity_full_coupled_C1_C1_EPSBASE_WATER75_H2D10000_GRIDCAP1.5_TAX150.csv","1"
"75","10000","C1","MINRO","Optimal","0","22477674.7732766","22477674.7732767","77.8706599352444","77.8706599352444","77.8706599352444","0","95.9294119","0","0","summary_full_coupled_C1_C1_EPSMINRO_WATER75_H2D10000_GRIDCAP1.5_TAX150.csv","capacity_full_coupled_C1_C1_EPSMINRO_WATER75_H2D10000_GRIDCAP1.5_TAX150.csv","1"
"75","10000","C1","MAXRO","Optimal","0","22477674.7732701","22477674.7732767","83.7634125160323","83.7634125160323","83.7634125160323","0","107.166239","0","0","summary_full_coupled_C1_C1_EPSMAXRO_WATER75_H2D10000_GRIDCAP1.5_TAX150.csv","capacity_full_coupled_C1_C1_EPSMAXRO_WATER75_H2D10000_GRIDCAP1.5_TAX150.csv","1"
"75","10000","C2","BASE","Optimal","0","22432382.1403192","NaN","74.26439694392","22432382.1403296","22432382.1403351","0","92.9132459","0","0","summary_decoupled_C2_C2_EPSBASE_WATER75_H2D10000_GRIDCAP1.5_TAX150.csv","capacity_decoupled_C2_C2_EPSBASE_WATER75_H2D10000_GRIDCAP1.5_TAX150.csv","1"
"75","10000","C2","MINRO","Optimal","0","22434625.3785369","22434625.3785332","71.6842681584497","71.6842681584497","71.6842681584497","0","149.1071862","0","0","summary_decoupled_C2_C2_EPSMINRO_WATER75_H2D10000_GRIDCAP1.5_TAX150.csv","capacity_decoupled_C2_C2_EPSMINRO_WATER75_H2D10000_GRIDCAP1.5_TAX150.csv","1"
"75","10000","C2","MAXRO","Optimal","0","22434625.3785239","22434625.3785332","77.5681120192002","77.5681120192002","77.5681120192002","0","152.9334855","0","0","summary_decoupled_C2_C2_EPSMAXRO_WATER75_H2D10000_GRIDCAP1.5_TAX150.csv","capacity_decoupled_C2_C2_EPSMAXRO_WATER75_H2D10000_GRIDCAP1.5_TAX150.csv","1"
"100","1000","C1","BASE","Optimal","0","4684826.40262123","NaN","102.007528866855","4684826.40261757","4684826.40261757","0","51.3545273","0","0","summary_full_coupled_C1_C1_EPSBASE_WATER100_H2D1000_GRIDCAP1.5_TAX150.csv","capacity_full_coupled_C1_C1_EPSBASE_WATER100_H2D1000_GRIDCAP1.5_TAX150.csv","1"
"100","1000","C1","MINRO","Optimal","0","4685294.88526025","4685294.88526149","100.721812206973","100.721812206973","100.721812206973","0","129.0913655","0","0","summary_full_coupled_C1_C1_EPSMINRO_WATER100_H2D1000_GRIDCAP1.5_TAX150.csv","capacity_full_coupled_C1_C1_EPSMINRO_WATER100_H2D1000_GRIDCAP1.5_TAX150.csv","1"
"100","1000","C1","MAXRO","Optimal","0","4685294.88525989","4685294.88526149","104.890767959077","104.890767959077","104.890767959077","0","147.9801913","0","0","summary_full_coupled_C1_C1_EPSMAXRO_WATER100_H2D1000_GRIDCAP1.5_TAX150.csv","capacity_full_coupled_C1_C1_EPSMAXRO_WATER100_H2D1000_GRIDCAP1.5_TAX150.csv","1"
"100","1000","C2","BASE","Optimal","0","4680307.74272352","NaN","101.435750491229","4680307.74272285","4680307.74272382","0","67.3270636","0","0","summary_decoupled_C2_C2_EPSBASE_WATER100_H2D1000_GRIDCAP1.5_TAX150.csv","capacity_decoupled_C2_C2_EPSBASE_WATER100_H2D1000_GRIDCAP1.5_TAX150.csv","1"
"100","1000","C2","MINRO","Optimal","0","4680775.77349778","4680775.77349779","100.076612806925","100.076612806925","100.076612806925","0","118.8089454","0","0","summary_decoupled_C2_C2_EPSMINRO_WATER100_H2D1000_GRIDCAP1.5_TAX150.csv","capacity_decoupled_C2_C2_EPSMINRO_WATER100_H2D1000_GRIDCAP1.5_TAX150.csv","1"
"100","1000","C2","MAXRO","Optimal","0","4680775.7734976","4680775.77349779","104.1972118617","104.1972118617","104.1972118617","0","126.3085394","0","0","summary_decoupled_C2_C2_EPSMAXRO_WATER100_H2D1000_GRIDCAP1.5_TAX150.csv","capacity_decoupled_C2_C2_EPSMAXRO_WATER100_H2D1000_GRIDCAP1.5_TAX150.csv","1"
"100","3000","C1","BASE","Optimal","0","8356720.68627824","NaN","103.28465537164","8356720.68628173","8356720.68628407","0","73.6958242","0","0","summary_full_coupled_C1_C1_EPSBASE_WATER100_H2D3000_GRIDCAP1.5_TAX150.csv","capacity_full_coupled_C1_C1_EPSBASE_WATER100_H2D3000_GRIDCAP1.5_TAX150.csv","1"
"100","3000","C1","MINRO","Optimal","0","8357556.35834967","8357556.35834687","101.173959261626","101.173959261626","101.173959261626","0","95.3656622","0","0","summary_full_coupled_C1_C1_EPSMINRO_WATER100_H2D3000_GRIDCAP1.5_TAX150.csv","capacity_full_coupled_C1_C1_EPSMINRO_WATER100_H2D3000_GRIDCAP1.5_TAX150.csv","1"
"100","3000","C1","MAXRO","Optimal","0","8357556.35834656","8357556.35834687","105.046887150383","105.046887150383","105.046887150383","0","105.5010233","0","0","summary_full_coupled_C1_C1_EPSMAXRO_WATER100_H2D3000_GRIDCAP1.5_TAX150.csv","capacity_full_coupled_C1_C1_EPSMAXRO_WATER100_H2D3000_GRIDCAP1.5_TAX150.csv","1"
"100","3000","C2","BASE","Optimal","0","8343918.36437815","NaN","101.48717046733","8343918.36437368","8343918.36437368","0","64.8902481","0","0","summary_decoupled_C2_C2_EPSBASE_WATER100_H2D3000_GRIDCAP1.5_TAX150.csv","capacity_decoupled_C2_C2_EPSBASE_WATER100_H2D3000_GRIDCAP1.5_TAX150.csv","1"
"100","3000","C2","MINRO","Optimal","0","8344752.75621468","8344752.75621459","99.3693279633534","99.3693279633534","99.3693279633534","0","102.1932352","0","0","summary_decoupled_C2_C2_EPSMINRO_WATER100_H2D3000_GRIDCAP1.5_TAX150.csv","capacity_decoupled_C2_C2_EPSMINRO_WATER100_H2D3000_GRIDCAP1.5_TAX150.csv","1"
"100","3000","C2","MAXRO","Optimal","0","8344752.7562133","8344752.75621459","103.149651294671","103.149651294671","103.149651294671","0","97.0657123","0","0","summary_decoupled_C2_C2_EPSMAXRO_WATER100_H2D3000_GRIDCAP1.5_TAX150.csv","capacity_decoupled_C2_C2_EPSMAXRO_WATER100_H2D3000_GRIDCAP1.5_TAX150.csv","1"
"100","5000","C1","BASE","Optimal","0","12347390.3303534","NaN","103.092190758877","12347390.3303595","12347390.3303633","0","85.24226","0","0","summary_full_coupled_C1_C1_EPSBASE_WATER100_H2D5000_GRIDCAP1.5_TAX150.csv","capacity_full_coupled_C1_C1_EPSBASE_WATER100_H2D5000_GRIDCAP1.5_TAX150.csv","1"
"100","5000","C1","MINRO","Optimal","0","12348625.069384","12348625.0693864","100.797847574376","100.797847574376","100.797847574376","0","119.5660709","0","0","summary_full_coupled_C1_C1_EPSMINRO_WATER100_H2D5000_GRIDCAP1.5_TAX150.csv","capacity_full_coupled_C1_C1_EPSMINRO_WATER100_H2D5000_GRIDCAP1.5_TAX150.csv","1"
"100","5000","C1","MAXRO","Optimal","0","12348625.0693879","12348625.0693864","105.76360427336","105.76360427336","105.76360427336","0","102.1202094","0","0","summary_full_coupled_C1_C1_EPSMAXRO_WATER100_H2D5000_GRIDCAP1.5_TAX150.csv","capacity_full_coupled_C1_C1_EPSMAXRO_WATER100_H2D5000_GRIDCAP1.5_TAX150.csv","1"
"100","5000","C2","BASE","Optimal","0","12325803.4499669","NaN","100.473106819744","12325803.4499693","12325803.4499693","0","82.6042362","0","0","summary_decoupled_C2_C2_EPSBASE_WATER100_H2D5000_GRIDCAP1.5_TAX150.csv","capacity_decoupled_C2_C2_EPSBASE_WATER100_H2D5000_GRIDCAP1.5_TAX150.csv","1"
"100","5000","C2","MINRO","Optimal","0","12327036.0303155","12327036.0303119","97.9252772448668","97.9252772448668","97.9252772448668","0","136.2956736","0","0","summary_decoupled_C2_C2_EPSMINRO_WATER100_H2D5000_GRIDCAP1.5_TAX150.csv","capacity_decoupled_C2_C2_EPSMINRO_WATER100_H2D5000_GRIDCAP1.5_TAX150.csv","1"
"100","5000","C2","MAXRO","Optimal","0","12327036.030316","12327036.0303119","102.569527400915","102.569527400915","102.569527400915","0","122.3377263","0","0","summary_decoupled_C2_C2_EPSMAXRO_WATER100_H2D5000_GRIDCAP1.5_TAX150.csv","capacity_decoupled_C2_C2_EPSMAXRO_WATER100_H2D5000_GRIDCAP1.5_TAX150.csv","1"
"100","8000","C1","BASE","Optimal","0","18496983.9450355","NaN","104.693072492568","18496983.9450321","18496983.9450321","0","81.4994888","0","0","summary_full_coupled_C1_C1_EPSBASE_WATER100_H2D8000_GRIDCAP1.5_TAX150.csv","capacity_full_coupled_C1_C1_EPSBASE_WATER100_H2D8000_GRIDCAP1.5_TAX150.csv","1"
"100","8000","C1","MINRO","Optimal","0","18498833.6434341","18498833.64343","101.342246701805","101.342246701805","101.342246701805","0","90.5505975","0","0","summary_full_coupled_C1_C1_EPSMINRO_WATER100_H2D8000_GRIDCAP1.5_TAX150.csv","capacity_full_coupled_C1_C1_EPSMINRO_WATER100_H2D8000_GRIDCAP1.5_TAX150.csv","1"
"100","8000","C1","MAXRO","Optimal","0","18498833.6434417","18498833.64343","107.831066373866","107.831066373866","107.831066373866","0","106.5986373","0","0","summary_full_coupled_C1_C1_EPSMAXRO_WATER100_H2D8000_GRIDCAP1.5_TAX150.csv","capacity_full_coupled_C1_C1_EPSMAXRO_WATER100_H2D8000_GRIDCAP1.5_TAX150.csv","1"
"100","8000","C2","BASE","Optimal","0","18462548.4274195","NaN","99.8300510715972","18462548.4274092","18462548.4274092","0","115.17039","0","0","summary_decoupled_C2_C2_EPSBASE_WATER100_H2D8000_GRIDCAP1.5_TAX150.csv","capacity_decoupled_C2_C2_EPSBASE_WATER100_H2D8000_GRIDCAP1.5_TAX150.csv","1"
"100","8000","C2","MINRO","Optimal","0","18464394.682277","18464394.6822622","96.6894782071485","96.6894782071485","96.6894782071485","0","116.4812836","0","0","summary_decoupled_C2_C2_EPSMINRO_WATER100_H2D8000_GRIDCAP1.5_TAX150.csv","capacity_decoupled_C2_C2_EPSMINRO_WATER100_H2D8000_GRIDCAP1.5_TAX150.csv","1"
"100","8000","C2","MAXRO","Optimal","0","18464394.6822517","18464394.6822622","102.79535353621","102.79535353621","102.79535353621","0","161.2624938","0","0","summary_decoupled_C2_C2_EPSMAXRO_WATER100_H2D8000_GRIDCAP1.5_TAX150.csv","capacity_decoupled_C2_C2_EPSMAXRO_WATER100_H2D8000_GRIDCAP1.5_TAX150.csv","1"
"100","10000","C1","BASE","Optimal","0","22654400.6951162","NaN","105.817242230482","22654400.6951118","22654400.695118","0","63.663741","0","0","summary_full_coupled_C1_C1_EPSBASE_WATER100_H2D10000_GRIDCAP1.5_TAX150.csv","capacity_full_coupled_C1_C1_EPSBASE_WATER100_H2D10000_GRIDCAP1.5_TAX150.csv","1"
"100","10000","C1","MINRO","Optimal","0","22656666.1351839","22656666.1351857","102.06147845421","102.06147845421","102.06147845421","0","119.816226","0","0","summary_full_coupled_C1_C1_EPSMINRO_WATER100_H2D10000_GRIDCAP1.5_TAX150.csv","capacity_full_coupled_C1_C1_EPSMINRO_WATER100_H2D10000_GRIDCAP1.5_TAX150.csv","1"
"100","10000","C1","MAXRO","Optimal","0","22656666.1351784","22656666.1351857","109.505375286532","109.505375286532","109.505375286532","0","105.4812565","0","0","summary_full_coupled_C1_C1_EPSMAXRO_WATER100_H2D10000_GRIDCAP1.5_TAX150.csv","capacity_full_coupled_C1_C1_EPSMAXRO_WATER100_H2D10000_GRIDCAP1.5_TAX150.csv","1"
"100","10000","C2","BASE","Optimal","0","22611300.9719874","NaN","99.6968034287024","22611300.9719744","22611300.971981","0","88.0236102","0","0","summary_decoupled_C2_C2_EPSBASE_WATER100_H2D10000_GRIDCAP1.5_TAX150.csv","capacity_decoupled_C2_C2_EPSBASE_WATER100_H2D10000_GRIDCAP1.5_TAX150.csv","1"
"100","10000","C2","MINRO","Optimal","0","22613562.1020966","22613562.1020846","96.2063990173328","96.2063990173328","96.2063990173328","0","124.2403969","0","0","summary_decoupled_C2_C2_EPSMINRO_WATER100_H2D10000_GRIDCAP1.5_TAX150.csv","capacity_decoupled_C2_C2_EPSMINRO_WATER100_H2D10000_GRIDCAP1.5_TAX150.csv","1"
"100","10000","C2","MAXRO","Optimal","0","22613562.1020752","22613562.1020846","103.249787618016","103.249787618016","103.249787618016","0","161.1729828","0","0","summary_decoupled_C2_C2_EPSMAXRO_WATER100_H2D10000_GRIDCAP1.5_TAX150.csv","capacity_decoupled_C2_C2_EPSMAXRO_WATER100_H2D10000_GRIDCAP1.5_TAX150.csv","1"
"125","1000","C1","BASE","Optimal","0","4860629.09275289","NaN","128.128900449864","4860629.09275031","4860629.09275031","0","48.3091823","0","0","summary_full_coupled_C1_C1_EPSBASE_WATER125_H2D1000_GRIDCAP1.5_TAX150.csv","capacity_full_coupled_C1_C1_EPSBASE_WATER125_H2D1000_GRIDCAP1.5_TAX150.csv","1"
"125","1000","C1","MINRO","Optimal","0","4861115.15566292","4861115.15566217","126.379514706082","126.379514706082","126.379514706082","0","125.0184955","0","0","summary_full_coupled_C1_C1_EPSMINRO_WATER125_H2D1000_GRIDCAP1.5_TAX150.csv","capacity_full_coupled_C1_C1_EPSMINRO_WATER125_H2D1000_GRIDCAP1.5_TAX150.csv","1"
"125","1000","C1","MAXRO","Optimal","0","4861115.15566282","4861115.15566217","131.271366447686","131.271366447686","131.271366447686","0","174.1638065","0","0","summary_full_coupled_C1_C1_EPSMAXRO_WATER125_H2D1000_GRIDCAP1.5_TAX150.csv","capacity_full_coupled_C1_C1_EPSMAXRO_WATER125_H2D1000_GRIDCAP1.5_TAX150.csv","1"
"125","1000","C2","BASE","Optimal","0","4856100.98499808","NaN","127.754046233067","4856100.98499537","4856100.98499537","0","58.6325501","0","0","summary_decoupled_C2_C2_EPSBASE_WATER125_H2D1000_GRIDCAP1.5_TAX150.csv","capacity_decoupled_C2_C2_EPSBASE_WATER125_H2D1000_GRIDCAP1.5_TAX150.csv","1"
"125","1000","C2","MINRO","Optimal","0","4856586.59509656","4856586.59509658","125.736721998943","125.736721998943","125.736721998943","0","253.2424986","0","0","summary_decoupled_C2_C2_EPSMINRO_WATER125_H2D1000_GRIDCAP1.5_TAX150.csv","capacity_decoupled_C2_C2_EPSMINRO_WATER125_H2D1000_GRIDCAP1.5_TAX150.csv","1"
"125","1000","C2","MAXRO","Optimal","0","4856586.59509568","4856586.59509658","130.571641098082","130.571641098082","130.571641098082","0","227.1273678","0","0","summary_decoupled_C2_C2_EPSMAXRO_WATER125_H2D1000_GRIDCAP1.5_TAX150.csv","capacity_decoupled_C2_C2_EPSMAXRO_WATER125_H2D1000_GRIDCAP1.5_TAX150.csv","1"
"125","3000","C1","BASE","Optimal","0","8533347.85415604","NaN","129.158781422828","8533347.85415523","8533347.85416222","0","57.6233188","0","0","summary_full_coupled_C1_C1_EPSBASE_WATER125_H2D3000_GRIDCAP1.5_TAX150.csv","capacity_full_coupled_C1_C1_EPSBASE_WATER125_H2D3000_GRIDCAP1.5_TAX150.csv","1"
"125","3000","C1","MINRO","Optimal","0","8534201.18894374","8534201.18894145","126.184986360501","126.184986360501","126.184986360501","0","101.0109317","0","0","summary_full_coupled_C1_C1_EPSMINRO_WATER125_H2D3000_GRIDCAP1.5_TAX150.csv","capacity_full_coupled_C1_C1_EPSMINRO_WATER125_H2D3000_GRIDCAP1.5_TAX150.csv","1"
"125","3000","C1","MAXRO","Optimal","0","8534201.18894138","8534201.18894145","131.023544023523","131.023544023523","131.023544023523","0","87.0339099","0","0","summary_full_coupled_C1_C1_EPSMAXRO_WATER125_H2D3000_GRIDCAP1.5_TAX150.csv","capacity_full_coupled_C1_C1_EPSMAXRO_WATER125_H2D3000_GRIDCAP1.5_TAX150.csv","1"
"125","3000","C2","BASE","Optimal","0","8520502.47084719","NaN","127.260069863505","8520502.47084763","8520502.47085381","0","68.7542495","0","0","summary_decoupled_C2_C2_EPSBASE_WATER125_H2D3000_GRIDCAP1.5_TAX150.csv","capacity_decoupled_C2_C2_EPSBASE_WATER125_H2D3000_GRIDCAP1.5_TAX150.csv","1"
"125","3000","C2","MINRO","Optimal","0","8521354.5210936","8521354.52109427","124.389229780832","124.389229780832","124.389229780832","0","168.9206641","0","0","summary_decoupled_C2_C2_EPSMINRO_WATER125_H2D3000_GRIDCAP1.5_TAX150.csv","capacity_decoupled_C2_C2_EPSMINRO_WATER125_H2D3000_GRIDCAP1.5_TAX150.csv","1"
"125","3000","C2","MAXRO","Optimal","0","8521354.52109439","8521354.52109427","129.09217968759","129.09217968759","129.09217968759","0","107.2750776","0","0","summary_decoupled_C2_C2_EPSMAXRO_WATER125_H2D3000_GRIDCAP1.5_TAX150.csv","capacity_decoupled_C2_C2_EPSMAXRO_WATER125_H2D3000_GRIDCAP1.5_TAX150.csv","1"
"125","5000","C1","BASE","Optimal","0","12525961.3321816","NaN","128.912537597019","12525961.3321774","12525961.3321819","0","89.5149596","0","0","summary_full_coupled_C1_C1_EPSBASE_WATER125_H2D5000_GRIDCAP1.5_TAX150.csv","capacity_full_coupled_C1_C1_EPSBASE_WATER125_H2D5000_GRIDCAP1.5_TAX150.csv","1"
"125","5000","C1","MINRO","Optimal","0","12527213.9283096","12527213.9283148","125.643445697239","125.643445697239","125.643445697239","0","101.4920429","0","0","summary_full_coupled_C1_C1_EPSMINRO_WATER125_H2D5000_GRIDCAP1.5_TAX150.csv","capacity_full_coupled_C1_C1_EPSMINRO_WATER125_H2D5000_GRIDCAP1.5_TAX150.csv","1"
"125","5000","C1","MAXRO","Optimal","0","12527213.9283169","12527213.9283148","131.65370818167","131.65370818167","131.65370818167","0","84.5560261","0","0","summary_full_coupled_C1_C1_EPSMAXRO_WATER125_H2D5000_GRIDCAP1.5_TAX150.csv","capacity_full_coupled_C1_C1_EPSMAXRO_WATER125_H2D5000_GRIDCAP1.5_TAX150.csv","1"
"125","5000","C2","BASE","Optimal","0","12504301.4583705","NaN","125.821246730093","12504301.4583755","12504301.4583759","0","80.0617833","0","0","summary_decoupled_C2_C2_EPSBASE_WATER125_H2D5000_GRIDCAP1.5_TAX150.csv","capacity_decoupled_C2_C2_EPSBASE_WATER125_H2D5000_GRIDCAP1.5_TAX150.csv","1"
"125","5000","C2","MINRO","Optimal","0","12505551.8885138","12505551.8885163","122.843343063349","122.843343063349","122.843343063349","0","111.3550455","0","0","summary_decoupled_C2_C2_EPSMINRO_WATER125_H2D5000_GRIDCAP1.5_TAX150.csv","capacity_decoupled_C2_C2_EPSMINRO_WATER125_H2D5000_GRIDCAP1.5_TAX150.csv","1"
"125","5000","C2","MAXRO","Optimal","0","12505551.8885181","12505551.8885163","128.384191824598","128.384191824598","128.384191824598","0","103.0676936","0","0","summary_decoupled_C2_C2_EPSMAXRO_WATER125_H2D5000_GRIDCAP1.5_TAX150.csv","capacity_decoupled_C2_C2_EPSMAXRO_WATER125_H2D5000_GRIDCAP1.5_TAX150.csv","1"
"125","8000","C1","BASE","Optimal","0","18676275.7562205","NaN","129.745674544609","18676275.7562046","18676275.7562046","0","65.0553169","0","0","summary_full_coupled_C1_C1_EPSBASE_WATER125_H2D8000_GRIDCAP1.5_TAX150.csv","capacity_full_coupled_C1_C1_EPSBASE_WATER125_H2D8000_GRIDCAP1.5_TAX150.csv","1"
"125","8000","C1","MINRO","Optimal","0","18678143.3837893","18678143.3837961","125.769288138474","125.769288138474","125.769288138474","0","91.223167","0","0","summary_full_coupled_C1_C1_EPSMINRO_WATER125_H2D8000_GRIDCAP1.5_TAX150.csv","capacity_full_coupled_C1_C1_EPSMINRO_WATER125_H2D8000_GRIDCAP1.5_TAX150.csv","1"
"125","8000","C1","MAXRO","Optimal","0","18678143.383789","18678143.3837961","133.814964031754","133.814964031754","133.814964031754","0","98.7975117","0","0","summary_full_coupled_C1_C1_EPSMAXRO_WATER125_H2D8000_GRIDCAP1.5_TAX150.csv","capacity_full_coupled_C1_C1_EPSMAXRO_WATER125_H2D8000_GRIDCAP1.5_TAX150.csv","1"
"125","8000","C2","BASE","Optimal","0","18641703.0016377","NaN","125.223676574138","18641703.0016394","18641703.0016394","0","75.2605579","0","0","summary_decoupled_C2_C2_EPSBASE_WATER125_H2D8000_GRIDCAP1.5_TAX150.csv","capacity_decoupled_C2_C2_EPSBASE_WATER125_H2D8000_GRIDCAP1.5_TAX150.csv","1"
"125","8000","C2","MINRO","Optimal","0","18643567.171947","18643567.1719379","121.201736317228","121.201736317228","121.201736317228","0","113.1291797","0","0","summary_decoupled_C2_C2_EPSMINRO_WATER125_H2D8000_GRIDCAP1.5_TAX150.csv","capacity_decoupled_C2_C2_EPSMINRO_WATER125_H2D8000_GRIDCAP1.5_TAX150.csv","1"
"125","8000","C2","MAXRO","Optimal","0","18643567.1719298","18643567.1719379","128.652127229136","128.652127229136","128.652127229136","0","117.4900687","0","0","summary_decoupled_C2_C2_EPSMAXRO_WATER125_H2D8000_GRIDCAP1.5_TAX150.csv","capacity_decoupled_C2_C2_EPSMAXRO_WATER125_H2D8000_GRIDCAP1.5_TAX150.csv","1"
"125","10000","C1","BASE","Optimal","0","22833961.9582287","NaN","130.856896219921","22833961.9582216","22833961.9582291","0","81.6492832","0","0","summary_full_coupled_C1_C1_EPSBASE_WATER125_H2D10000_GRIDCAP1.5_TAX150.csv","capacity_full_coupled_C1_C1_EPSBASE_WATER125_H2D10000_GRIDCAP1.5_TAX150.csv","1"
"125","10000","C1","MINRO","Optimal","0","22836245.35441","22836245.3544245","126.35491491951","126.35491491951","126.35491491951","0","142.2297829","0","0","summary_full_coupled_C1_C1_EPSMINRO_WATER125_H2D10000_GRIDCAP1.5_TAX150.csv","capacity_full_coupled_C1_C1_EPSMINRO_WATER125_H2D10000_GRIDCAP1.5_TAX150.csv","1"
"125","10000","C1","MAXRO","Optimal","0","22836245.3544234","22836245.3544245","135.594933149882","135.594933149882","135.594933149882","0","107.1868159","0","0","summary_full_coupled_C1_C1_EPSMAXRO_WATER125_H2D10000_GRIDCAP1.5_TAX150.csv","capacity_full_coupled_C1_C1_EPSMAXRO_WATER125_H2D10000_GRIDCAP1.5_TAX150.csv","1"
"125","10000","C2","BASE","Optimal","0","22790719.3863827","NaN","125.477310535933","22790719.3863842","22790719.386385","0","93.2487623","0","0","summary_decoupled_C2_C2_EPSBASE_WATER125_H2D10000_GRIDCAP1.5_TAX150.csv","capacity_decoupled_C2_C2_EPSBASE_WATER125_H2D10000_GRIDCAP1.5_TAX150.csv","1"
"125","10000","C2","MINRO","Optimal","0","22792998.4583191","22792998.4583213","120.678326201537","120.678326201537","120.678326201537","0","154.5211035","0","0","summary_decoupled_C2_C2_EPSMINRO_WATER125_H2D10000_GRIDCAP1.5_TAX150.csv","capacity_decoupled_C2_C2_EPSMINRO_WATER125_H2D10000_GRIDCAP1.5_TAX150.csv","1"
"125","10000","C2","MAXRO","Optimal","0","22792998.4583183","22792998.4583213","129.186884038716","129.186884038716","129.186884038716","0","218.1657566","0","0","summary_decoupled_C2_C2_EPSMAXRO_WATER125_H2D10000_GRIDCAP1.5_TAX150.csv","capacity_decoupled_C2_C2_EPSMAXRO_WATER125_H2D10000_GRIDCAP1.5_TAX150.csv","1"
"150","1000","C1","BASE","Optimal","0","5036855.81893614","NaN","154.760345466002","5036855.81893804","5036855.81893873","0","54.3966834","0","0","summary_full_coupled_C1_C1_EPSBASE_WATER150_H2D1000_GRIDCAP1.5_TAX150.csv","capacity_full_coupled_C1_C1_EPSBASE_WATER150_H2D1000_GRIDCAP1.5_TAX150.csv","1"
"150","1000","C1","MINRO","Optimal","0","5037359.50451853","5037359.50451803","152.438133430717","152.438133430717","152.438133430717","0","156.7081284","0","0","summary_full_coupled_C1_C1_EPSMINRO_WATER150_H2D1000_GRIDCAP1.5_TAX150.csv","capacity_full_coupled_C1_C1_EPSMINRO_WATER150_H2D1000_GRIDCAP1.5_TAX150.csv","1"
"150","1000","C1","MAXRO","Optimal","0","5037359.50451867","5037359.50451803","157.656563086414","157.656563086414","157.656563086414","0","139.996716","0","0","summary_full_coupled_C1_C1_EPSMAXRO_WATER150_H2D1000_GRIDCAP1.5_TAX150.csv","capacity_full_coupled_C1_C1_EPSMAXRO_WATER150_H2D1000_GRIDCAP1.5_TAX150.csv","1"
"150","1000","C2","BASE","Optimal","0","5032318.16258395","NaN","154.290241346512","5032318.1625843","5032318.1625843","0","69.6804639","0","0","summary_decoupled_C2_C2_EPSBASE_WATER150_H2D1000_GRIDCAP1.5_TAX150.csv","capacity_decoupled_C2_C2_EPSBASE_WATER150_H2D1000_GRIDCAP1.5_TAX150.csv","1"
"150","1000","C2","MINRO","Optimal","0","5032821.39439914","5032821.39440021","151.788732014021","151.788732014021","151.788732014021","0","180.2192413","0","0","summary_decoupled_C2_C2_EPSMINRO_WATER150_H2D1000_GRIDCAP1.5_TAX150.csv","capacity_decoupled_C2_C2_EPSMINRO_WATER150_H2D1000_GRIDCAP1.5_TAX150.csv","1"
"150","1000","C2","MAXRO","Optimal","0","5032821.39439923","5032821.39440021","156.972827515233","156.972827515233","156.972827515233","0","140.2830942","0","0","summary_decoupled_C2_C2_EPSMAXRO_WATER150_H2D1000_GRIDCAP1.5_TAX150.csv","capacity_decoupled_C2_C2_EPSMAXRO_WATER150_H2D1000_GRIDCAP1.5_TAX150.csv","1"
"150","3000","C1","BASE","Optimal","0","8710375.87438691","NaN","154.944023773186","8710375.87438869","8710375.87438869","0","62.1195825","0","0","summary_full_coupled_C1_C1_EPSBASE_WATER150_H2D3000_GRIDCAP1.5_TAX150.csv","capacity_full_coupled_C1_C1_EPSBASE_WATER150_H2D3000_GRIDCAP1.5_TAX150.csv","1"
"150","3000","C1","MINRO","Optimal","0","8711246.91197203","8711246.91197435","151.354809015754","151.354809015754","151.354809015754","0","83.4384371","0","0","summary_full_coupled_C1_C1_EPSMINRO_WATER150_H2D3000_GRIDCAP1.5_TAX150.csv","capacity_full_coupled_C1_C1_EPSMINRO_WATER150_H2D3000_GRIDCAP1.5_TAX150.csv","1"
"150","3000","C1","MAXRO","Optimal","0","8711246.91197336","8711246.91197435","157.096363410944","157.096363410944","157.096363410944","0","83.3226278","0","0","summary_full_coupled_C1_C1_EPSMAXRO_WATER150_H2D3000_GRIDCAP1.5_TAX150.csv","capacity_full_coupled_C1_C1_EPSMAXRO_WATER150_H2D3000_GRIDCAP1.5_TAX150.csv","1"
"150","3000","C2","BASE","Optimal","0","8697489.1567996","NaN","153.074946351637","8697489.15679407","8697489.15679407","0","78.9954449","0","0","summary_decoupled_C2_C2_EPSBASE_WATER150_H2D3000_GRIDCAP1.5_TAX150.csv","capacity_decoupled_C2_C2_EPSBASE_WATER150_H2D3000_GRIDCAP1.5_TAX150.csv","1"
"150","3000","C2","MINRO","Optimal","0","8698358.90571498","8698358.90571528","149.575978175419","149.575978175419","149.575978175419","0","133.6614969","0","0","summary_decoupled_C2_C2_EPSMINRO_WATER150_H2D3000_GRIDCAP1.5_TAX150.csv","capacity_decoupled_C2_C2_EPSMINRO_WATER150_H2D3000_GRIDCAP1.5_TAX150.csv","1"
"150","3000","C2","MAXRO","Optimal","0","8698358.90571872","8698358.90571528","155.144838322221","155.144838322221","155.144838322221","0","118.1119143","0","0","summary_decoupled_C2_C2_EPSMAXRO_WATER150_H2D3000_GRIDCAP1.5_TAX150.csv","capacity_decoupled_C2_C2_EPSMAXRO_WATER150_H2D3000_GRIDCAP1.5_TAX150.csv","1"
"150","5000","C1","BASE","Optimal","0","12704744.623788","NaN","155.061463868428","12704744.6237889","12704744.6237926","0","56.0985082","0","0","summary_full_coupled_C1_C1_EPSBASE_WATER150_H2D5000_GRIDCAP1.5_TAX150.csv","capacity_full_coupled_C1_C1_EPSBASE_WATER150_H2D5000_GRIDCAP1.5_TAX150.csv","1"
"150","5000","C1","MINRO","Optimal","0","12706015.0982471","12706015.0982504","151.070717947381","151.070717947381","151.070717947381","0","94.8357405","0","0","summary_full_coupled_C1_C1_EPSMINRO_WATER150_H2D5000_GRIDCAP1.5_TAX150.csv","capacity_full_coupled_C1_C1_EPSMINRO_WATER150_H2D5000_GRIDCAP1.5_TAX150.csv","1"
"150","5000","C1","MAXRO","Optimal","0","12706015.0982498","12706015.0982504","157.548868773723","157.548868773723","157.548868773723","0","84.9621077","0","0","summary_full_coupled_C1_C1_EPSMAXRO_WATER150_H2D5000_GRIDCAP1.5_TAX150.csv","capacity_full_coupled_C1_C1_EPSMAXRO_WATER150_H2D5000_GRIDCAP1.5_TAX150.csv","1"
"150","5000","C2","BASE","Optimal","0","12683112.5912868","NaN","151.58599561569","12683112.591293","12683112.5912981","0","88.3005887","0","0","summary_decoupled_C2_C2_EPSBASE_WATER150_H2D5000_GRIDCAP1.5_TAX150.csv","capacity_decoupled_C2_C2_EPSBASE_WATER150_H2D5000_GRIDCAP1.5_TAX150.csv","1"
"150","5000","C2","MINRO","Optimal","0","12684380.9025401","12684380.9025459","148.141287487448","148.141287487448","148.141287487448","0","109.5132589","0","0","summary_decoupled_C2_C2_EPSMINRO_WATER150_H2D5000_GRIDCAP1.5_TAX150.csv","capacity_decoupled_C2_C2_EPSMINRO_WATER150_H2D5000_GRIDCAP1.5_TAX150.csv","1"
"150","5000","C2","MAXRO","Optimal","0","12684380.9025472","12684380.9025459","154.335175991477","154.335175991477","154.335175991477","0","105.7534094","0","0","summary_decoupled_C2_C2_EPSMAXRO_WATER150_H2D5000_GRIDCAP1.5_TAX150.csv","capacity_decoupled_C2_C2_EPSMAXRO_WATER150_H2D5000_GRIDCAP1.5_TAX150.csv","1"
"150","8000","C1","BASE","Optimal","0","18855854.3260617","NaN","155.419588590388","18855854.3260584","18855854.3260584","0","89.0075454","0","0","summary_full_coupled_C1_C1_EPSBASE_WATER150_H2D8000_GRIDCAP1.5_TAX150.csv","capacity_full_coupled_C1_C1_EPSBASE_WATER150_H2D8000_GRIDCAP1.5_TAX150.csv","1"
"150","8000","C1","MINRO","Optimal","0","18857739.9115062","18857739.9114943","150.420806221772","150.420806221772","150.420806221772","0","104.7541109","0","0","summary_full_coupled_C1_C1_EPSMINRO_WATER150_H2D8000_GRIDCAP1.5_TAX150.csv","capacity_full_coupled_C1_C1_EPSMINRO_WATER150_H2D8000_GRIDCAP1.5_TAX150.csv","1"
"150","8000","C1","MAXRO","Optimal","0","18857739.9114831","18857739.9114943","159.847556165021","159.847556165021","159.847556165021","0","71.0835208","0","0","summary_full_coupled_C1_C1_EPSMAXRO_WATER150_H2D8000_GRIDCAP1.5_TAX150.csv","capacity_full_coupled_C1_C1_EPSMAXRO_WATER150_H2D8000_GRIDCAP1.5_TAX150.csv","1"
"150","8000","C2","BASE","Optimal","0","18821204.4524369","NaN","150.700879450358","18821204.452443","18821204.4524479","0","83.4275731","0","0","summary_decoupled_C2_C2_EPSBASE_WATER150_H2D8000_GRIDCAP1.5_TAX150.csv","capacity_decoupled_C2_C2_EPSBASE_WATER150_H2D8000_GRIDCAP1.5_TAX150.csv","1"
"150","8000","C2","MINRO","Optimal","0","18823086.5728827","18823086.5728821","145.831842975415","145.831842975415","145.831842975415","0","107.0553163","0","0","summary_decoupled_C2_C2_EPSMINRO_WATER150_H2D8000_GRIDCAP1.5_TAX150.csv","capacity_decoupled_C2_C2_EPSMINRO_WATER150_H2D8000_GRIDCAP1.5_TAX150.csv","1"
"150","8000","C2","MAXRO","Optimal","0","18823086.5728887","18823086.5728821","154.636794379019","154.636794379019","154.636794379019","0","125.8995407","0","0","summary_decoupled_C2_C2_EPSMAXRO_WATER150_H2D8000_GRIDCAP1.5_TAX150.csv","capacity_decoupled_C2_C2_EPSMAXRO_WATER150_H2D8000_GRIDCAP1.5_TAX150.csv","1"
"150","10000","C1","BASE","Optimal","0","23013767.0334283","NaN","156.533091783747","23013767.0334336","23013767.0334473","0","60.1080057","0","0","summary_full_coupled_C1_C1_EPSBASE_WATER150_H2D10000_GRIDCAP1.5_TAX150.csv","capacity_full_coupled_C1_C1_EPSBASE_WATER150_H2D10000_GRIDCAP1.5_TAX150.csv","1"
"150","10000","C1","MINRO","Optimal","0","23016068.4101235","23016068.4101316","150.968530256396","150.968530256396","150.968530256396","0","103.1324631","0","0","summary_full_coupled_C1_C1_EPSMINRO_WATER150_H2D10000_GRIDCAP1.5_TAX150.csv","capacity_full_coupled_C1_C1_EPSMINRO_WATER150_H2D10000_GRIDCAP1.5_TAX150.csv","1"
"150","10000","C1","MAXRO","Optimal","0","23016068.4101418","23016068.4101316","161.698359012913","161.698359012913","161.698359012913","0","91.6060683","0","0","summary_full_coupled_C1_C1_EPSMAXRO_WATER150_H2D10000_GRIDCAP1.5_TAX150.csv","capacity_full_coupled_C1_C1_EPSMAXRO_WATER150_H2D10000_GRIDCAP1.5_TAX150.csv","1"
"150","10000","C2","BASE","Optimal","0","22970461.5594599","NaN","150.700879450358","22970461.5594616","22970461.5594616","0","78.1058256","0","0","summary_decoupled_C2_C2_EPSBASE_WATER150_H2D10000_GRIDCAP1.5_TAX150.csv","capacity_decoupled_C2_C2_EPSBASE_WATER150_H2D10000_GRIDCAP1.5_TAX150.csv","1"
"150","10000","C2","MINRO","Optimal","0","22972758.6056271","22972758.6056158","145.26001591311","145.26001591311","145.26001591311","0","161.8612941","0","0","summary_decoupled_C2_C2_EPSMINRO_WATER150_H2D10000_GRIDCAP1.5_TAX150.csv","capacity_decoupled_C2_C2_EPSMINRO_WATER150_H2D10000_GRIDCAP1.5_TAX150.csv","1"
"150","10000","C2","MAXRO","Optimal","0","22972758.6056116","22972758.6056158","155.213097825311","155.213097825311","155.213097825311","0","124.8012054","0","0","summary_decoupled_C2_C2_EPSMAXRO_WATER150_H2D10000_GRIDCAP1.5_TAX150.csv","capacity_decoupled_C2_C2_EPSMAXRO_WATER150_H2D10000_GRIDCAP1.5_TAX150.csv","1"
