water_scale_percent,H2_demand_kg_day,nominal_external_H2_feedwater_to_community_water_percent,full_plan_total_feedwater_to_community_water_percent,objective_full_USD,objective_decoupled_USD,objective_reevaluated_USD,decoupled_minus_full_USD,restoration_increment_USD,reevaluated_minus_full_USD,reevaluated_minus_full_percent,freshwater_shortage_reevaluated_m3,freshwater_shortage_ratio_percent,freshwater_shortage_hours,H2_shortage_reevaluated_kg,K_RO_full_m3_h,K_RO_decoupled_m3_h,K_RO_deviation_percent,K_Wtank_full_m3,K_Wtank_decoupled_m3,K_Wtank_deviation_percent,K_BESS_E_full_MWh,K_BESS_E_decoupled_MWh,K_BESS_E_deviation_percent,minimum_water_inventory_reevaluated_m3
100,1000,0.65,0.713962754452,4684826.40262,4680307.74272,4685310.04714,-4518.65989999939,5002.30441999994,483.644520000555,0.0103236380270158,0.0,0.0,0,1.0658141036400001e-13,102.007528866855,101.435750491229,-0.560525661171842,2797.34969164963,2828.20141821779,1.1028913067342,5.22745488950065,5.21490457576269,-0.240084591895139,282.820141821779
50,10000,13.0,13.1251045595,22296782.9786,22253820.0853,23107253.4868,-42962.8933000006,853433.401500002,810470.508200001,3.63492127531525,8281.81099797,2.26898931451233,222,-5.45696821064e-12,55.6980384713567,49.7094651042857,-10.7518568542601,1159.78715706174,1133.86379043722,-2.23518310809679,4.99420773154239,5.04836613041325,1.08442423267272,113.386379043722
50,8000,10.4,10.5126768595,18139833.6243,18105573.7177,18718038.2694,-34259.9065999985,612464.5517,578204.645100001,3.1874859333078,5918.31013332,1.62145483104658,145,1.81898940355e-12,54.5070513064541,49.8269534027442,-8.58622470218956,1191.27006932837,1174.63189214861,-1.39667549854086,5.00337035415651,5.02267179811471,0.385768843638887,117.463189214861
150,10000,4.33333333333333,4.37351444212,23013767.0334,22970461.5595,23435254.8018,-43305.4738999978,464793.2423,421487.768400002,1.83145926431034,4393.33959641,0.401218227982648,24,-6.480149750130001e-12,156.533091783748,150.700879450358,-3.72586541729289,4093.65694843232,4002.60901814034,-2.2241221342899,5.44626940905252,5.4163577939479,-0.549212917284303,400.260901814034
100,5000,3.25,3.30622032935,12347390.3304,12325803.45,12561102.8681,-21586.8804000001,235299.418100001,213712.537700001,1.73083163309277,2208.45388436,0.302527929364384,17,-4.007461029690001e-12,103.092190758876,100.473106819744,-2.54052602806532,2500.64907571284,2455.97352477343,-1.78655819296334,5.25235756202487,5.19313869569586,-1.12747210428263,245.597352477343
50,1000,1.3,1.42348132253,4334857.10029,4330362.55812,4335280.06366,-4494.54217000026,4917.50554000027,422.963370000012,0.0097572621245511,0.0,0.0,0,-1.63424829225e-13,51.0470620100869,50.2878892649315,-1.48720164346654,1392.1717386097,1426.74845641975,2.48365319099066,5.14760336359001,5.14759058197099,-0.000248302328623,142.674845641975
75,1000,0.866666666666667,0.950280523458,4509529.73046,4505023.20775,4510107.82399,-4506.52271000016,5084.61624000035,578.093530000187,0.0128193750690988,0.0,0.0,0,-3.48165940522e-13,76.4242947038642,75.7896885521432,-0.830372271252265,2070.71284471942,2101.55359700597,1.48937851837824,5.15378314627424,5.14759058197099,-0.120155701695105,210.155359700597
125,1000,0.52,0.571569934071,4860629.09275,4856100.985,4861017.55517,-4528.1077499995,4916.57016999926,388.462419999763,0.0079920193988713,0.0,0.0,0,-1.63424829225e-13,128.128900449865,127.754046233067,-0.292560238542494,3664.64944971362,3620.44248866012,-1.20630804283216,5.24271089605998,5.22745488950065,-0.290994618276494,362.044248866012
150,1000,0.433333333333333,0.476953691394,5036855.81894,5032318.16258,5037214.34178,-4537.65635999944,4896.17920000013,358.522840000689,0.0071179889377127,0.0,0.0,0,-1.63424829225e-13,154.760345466001,154.290241346512,-0.303762645446074,4427.60711244904,4430.86677240448,0.0736212557404831,5.25805137656128,5.23993821100502,-0.344484377558625,443.086677240448
50,3000,3.9,3.99339530748,8005245.91762,7992479.22156,8137274.72427,-12766.69606,144795.50271,132028.80665,1.64927858567589,1350.2364459,0.36992779339726,23,1.57740487339e-12,52.3150031022675,50.4874511715497,-3.49336102904405,1275.64236181338,1324.57623580918,3.83601826504401,4.6924526457241,4.69017555884818,-0.0485265818930543,132.457623580918
75,3000,2.6,2.66171022269,8180764.6283,8167987.4405,8308127.16446,-12777.1878000004,140139.72396,127362.53616,1.55685369212812,1306.59258017,0.238647046606393,15,2.48689957516e-12,77.8288902629285,76.001176938829,-2.34837387238203,1953.78144936534,1980.264349277,1.35546889956718,4.76690170876809,4.7842856587359,0.364680268859633,198.0264349277
100,3000,1.95,1.99433222082,8356720.68629,8343918.36437,8481389.271,-12802.32192,137470.90663,124668.58471,1.49183620453572,1279.96503596,0.175337676158904,12,1.7905676941200001e-12,103.28465537164,101.48717046733,-1.74032134574324,2610.65524265945,2636.63036191494,0.994965510230656,4.99709117510412,4.98791652931868,-0.183599727600505,263.663036191494
125,3000,1.56,1.59596310461,8533347.8542,8520502.47085,8655088.06912,-12845.3833499998,134585.598269999,121740.214919999,1.4266407159305,1251.1150624,0.137108499989041,9,2.72848410532e-12,129.158781422828,127.260069863505,-1.47005998229977,3344.85914540744,3389.34545266174,1.32999045162727,5.06457312556147,5.06484376514694,0.0053437788094006,338.934545266174
150,3000,1.3,1.3303402051,8710375.87439,8697489.15679,8829064.17344,-12886.717600001,131575.016650001,118688.29905,1.36260823598857,1220.91475881,0.111499064731507,8,2.72848410532e-12,154.944023773186,153.074946351639,-1.20629203762194,4161.82047943634,4191.1668278586,0.705132491112033,5.12262116674577,5.12088677612186,-0.0338574836485871,419.11668278586
50,5000,6.5,6.61384810817,11991483.3691,11969966.2988,12268141.2215,-21517.0702999998,298174.922699999,276657.852399999,2.30711951044271,2837.08236571,0.777282839920548,48,-4.007461029690001e-12,52.971703047162,50.0972210866162,-5.42644807546886,1176.76861517625,1168.6557328438,-0.689420352295417,4.96730305789944,4.96734062667494,0.0007563213893238,116.86557328438
75,5000,4.33333333333333,4.40902630059,12169260.663,12147724.4784,12384832.5988,-21536.1846000012,237108.1204,215571.935799999,1.77144644830753,2223.72460583,0.406159745357078,25,-4.007461029690001e-12,78.191774046145,75.3504397251789,-3.63380209187897,1744.49861306991,1782.05562026907,2.15288260579745,5.11080456958216,5.07075375625559,-0.783649869238572,178.205562026907
125,5000,2.6,2.64555567882,12525961.3322,12504301.4584,12737430.7123,-21659.8738000002,233129.253900001,211469.380100001,1.68824870596067,2187.4639153,0.239722072909589,30,-4.007461029690001e-12,128.912537597019,125.821246730093,-2.3979753440192,3139.5862528324,3172.26972812487,1.0410121799643,5.30898175272788,5.30898175272788,0.0,317.226972812487
150,5000,2.16666666666667,2.20537712344,12704744.6238,12683112.5913,12911834.0806,-21632.0325000007,228721.489300001,207089.456800001,1.63001668220908,2142.96715123,0.195704762669406,27,-4.007461029690001e-12,155.061463868428,151.58599561569,-2.24134879552472,3772.53033808574,3815.93218738567,1.15047051740751,5.30898175272788,5.37973950038496,1.33279319750389,381.593218738567
75,8000,6.93333333333333,7.00660489842,18318254.0284,18283878.937,18826075.5509,-34375.0914000012,542196.613900002,507821.522500001,2.77221574563106,5216.9450029,0.952866667196347,58,1.7337242752500002e-12,79.188168157853,74.4300823026206,-6.00858179437573,1839.1897707103,1835.57701617272,-0.196431852499091,5.30898175272788,5.30898175272788,0.0,183.557701617272
100,8000,5.2,5.2563813287,18496983.945,18462548.4274,18886114.3473,-34435.5175999999,423565.9199,389130.4023,2.10375055445289,4021.47103753,0.55088644349726,36,1.6768808563900002e-12,104.693072492568,99.8300510715972,-4.64502693940521,2516.22636907058,2544.47259158818,1.12256285304066,5.30898175272788,5.30898175272788,0.0,254.447259158818
125,8000,4.16,4.20578890706,18676275.7562,18641703.0016,19016127.6571,-34572.7545999996,374424.655499998,339851.900899999,1.81969845239181,3533.37750954,0.387219453100274,38,1.6768808563900002e-12,129.745674544609,125.223676574138,-3.48527840048821,3274.53192352162,3372.89596450342,3.00391149877733,5.44626940905252,5.32371000807009,-2.25033673102396,337.289596450342
150,8000,3.46666666666667,3.5058568042,18855854.3261,18821204.4524,19194498.0005,-34649.8737000003,373293.548100002,338643.674400002,1.79596038738619,3525.79374185,0.321990296059361,19,2.95585778076e-12,155.419588590388,150.700879450358,-3.03610965826597,4101.74107384102,4156.55308677757,1.33631089700213,5.44626940905252,5.37566538657506,-1.29637403467602,415.655308677757
75,10000,8.66666666666667,8.74699627236,22475427.2305,22432382.1403,23177559.0766,-43045.0902000032,745176.936300002,702131.846099999,3.12399777276393,7188.29630514,1.31293083198904,125,-1.7621459846900002e-12,80.3787433756566,74.26439694392,-7.60691965929437,1797.03477146524,1850.85582848274,2.99499252168705,5.30898175272788,5.30898175272788,0.0,185.085582848274
100,10000,6.5,6.56107227775,22654400.6951,22611300.972,23229948.8837,-43099.7230999991,618647.911699999,575548.1886,2.5405579973011,5917.97721083,0.81068180970274,69,-1.7621459846900002e-12,105.817242230482,99.6968034287024,-5.78397118727455,2485.1621555755,2534.57456068768,1.98829702123551,5.31397241003549,5.30898175272788,-0.0939157549667476,253.457456068767
125,10000,5.2,5.24807084131,22833961.9582,22790719.3864,23271825.7981,-43242.571800001,481106.411699999,437863.839899998,1.91759906012612,4539.741973,0.497505969643836,31,-1.7621459846900002e-12,130.856896219921,125.477310535933,-4.11104484317506,3265.06338576002,3189.493433107,-2.31450185569459,5.44626940905252,5.32371000807009,-2.25033673102396,318.9493433107
