PCC_limit_MW,carbon_price_USD_per_tCO2eq,objective_USD,carbon_payment_USD,pre_tax_resource_cost_USD,total_CO2_tCO2eq_yr,total_diesel_MWh_yr,total_grid_import_MWh_yr,total_grid_export_MWh_yr,total_PV_MWh_yr,total_WT_MWh_yr,total_RE_curtailment_MWh_yr,freshwater_shortage_m3,H2_shortage_kg,max_grid_import_MW,max_grid_export_MW,PCC_import_binding_hours,PCC_export_binding_hours,negative_price_import_MWh,negative_price_export_MWh,K_PV,K_WT,K_BESS_P,K_BESS_E,K_RO,K_Wtank,K_EL,K_H2,K_FC
1.5,150,4684826.40262,360151.3592595,4324675.0433605,2401.00906173,1063.51210106,3947.91271126,5981.04923973,13030.2777047,32788.2868864,5499.53776361,0,0,1.5,1.5,2279,3703,4.1440849553258,0,13.0403851366147,10.0579265652583,1.04166079560965,5.22745488950065,102.007528866855,2797.34969164963,5.58010009072886,5626.65615978977,0.45833920439035
1.0,0,4653906.75001,0.0,4653906.75001,3210.31691525,2126.03881749,4083.2133452,3747.18732586,12161.7740325,30362.7562607,4789.4893369,0,0,1.0,1.0,3914,3567,64.0,0,12.094162618306,9.24650009247917,1.30343418615394,6.84998317259113,105.397324958383,2936.66040403097,5.11445025464716,5543.1165816613,0.69656581384606
2.0,0,3891429.89546,0.0,3891429.89546,4185.25145433,1260.46550092,7889.18337641,6241.07034005,9172.95128868,31904.879601,3436.19314035,0,0,2.0,2.0,3501,2773,128.0,0,8.9243770465743,9.61751763521506,0.764077665554501,3.21195321477668,97.8936101011325,1971.67794109944,4.46805044137012,4851.25805572891,0.235922334445499
1.0,200,5150939.11962,360088.149936,4790850.969684,1800.44074968,1072.46028539,2493.54296742,4433.51284152,15338.31156,31603.8708953,5833.64945987,0,0,1.0,1.0,2264,4257,2.72230212603777,0,15.3196818984905,9.62940272243727,1.55973747530997,8.71415117723251,104.09540595961,3184.97636805988,6.02138387594064,6759.27329599428,0.836658388212672
2.0,200,4497990.08047,460574.1198,4037415.96067,2302.870599,569.575975905,4551.40420617,7832.34343417,12529.7987033,34772.0180725,5494.75929466,0,0,2.0,2.0,1683,3530,4.34453143975613,0,12.5364254640485,10.6768272770045,0.652806935728925,3.08731670037351,101.459752460737,2253.93076931794,5.64176099261575,5731.6881546436,0.417617905483779
1.5,0,4245004.54447,0.0,4245004.54447,3636.79563764,1583.2258204,6026.86443284,5059.98850974,10775.4239342,31097.9352213,4015.87801978,0,0,1.5,1.5,3731,3131,96.0,0,10.5560704383558,9.40728383678181,1.08484846121795,5.24192055915219,101.657092118153,2717.32897044306,4.77190060105908,5259.30295174857,0.415151538782047
1.5,200,4794643.51524,401115.01831,4393528.49693,2005.57509155,780.531256887,3480.79169732,6265.55767958,14684.3011611,32721.2735674,5845.74901195,0,0,1.5,1.5,1947,3876,3.40234525189197,0,13.966264251492,10.2742002440193,1.06426000962374,5.39483987085744,102.681067461102,2443.02910454845,5.90630400307615,6162.05640338853,0.646698218268287
1.0,100,4934878.31948,253831.833376,4681046.486104,2538.31833376,1716.85316684,3167.63089687,4080.51644264,14125.8402623,30207.9333744,5360.60774424,0,0,1.0,1.0,2988,3889,49.0,0,13.4014384663801,9.45021882006105,1.38158701640403,7.40259110791165,107.721025732997,3627.97549585358,5.32900051148086,6431.9179574331,0.618412983595967
1.5,100,4554984.60462,272152.103381,4282832.501239,2721.52103381,1206.43747111,4473.29747721,5739.87574174,12945.6462878,31698.0895643,5215.03255901,0,0,1.5,1.5,2677,3546,76.4084706772769,0,12.4497753943207,9.85414226131998,1.11666018026931,5.35793632381768,101.729430661658,2788.38664319213,5.28044533386737,5336.07952947267,0.383339819730689
2.0,100,4235809.77632,300966.72219,3934843.05413,3009.6672219,913.125412007,5661.82055221,7115.22399158,11193.1356933,33299.1802018,5044.30238112,0,0,2.0,2.0,2343,3225,101.634865725152,0,11.1376334121788,10.2513268104211,0.828617750033508,3.52754810320564,97.6065307765077,2042.58317907061,5.1437788616168,4362.27800742284,0.171382249966492
1.2,0,4483432.64451,0.0,4483432.64451,3372.08590737,1886.36832565,4877.81213302,4357.41529428,11494.7382459,30881.8838021,4575.43838492,0,0,1.2,1.2,3855,3424,76.8000000000001,0,11.3872447272776,9.40564606747107,1.19812136057263,6.05338440728436,103.896026504303,2888.83313811994,5.01413653395846,5482.05173648027,0.601878639427365
1.8,0,4026836.50822,0.0,4026836.50822,3972.98143137,1375.59495468,7185.02736559,5750.02981478,9787.94673695,31552.7783294,3589.6109528,0,0,1.8,1.8,3608,2891,115.2,0,9.53015752119732,9.51203379534727,0.896099310467855,4.05067977521615,98.8395481063453,2127.78655082991,4.56464002294403,5122.14509422715,0.303900689532145
1.2,200,5000263.54483,374916.283114,4625347.261716,1874.58141557,919.387651157,2931.11631516,5187.08340607,15852.8952747,31344.2022582,5763.41776922,0,0,1.2,1.2,2160,4095,2.99590933229931,0,14.8126401847059,9.87287375296866,1.3607120393451,7.35056747947556,102.750681913972,2943.45088488005,5.99726603454689,6581.89566102565,0.758850946791738
1.8,200,4609985.0459,434474.989118,4175510.056782,2172.37494559,653.661972548,4095.91827427,7225.69662318,13562.8319001,33851.5633978,5548.26047347,0,0,1.8,1.8,1768,3674,4.14094590883947,0,13.0559285020211,10.530790127531,0.812434314771192,3.84566249022424,101.465945022619,2307.844287118,5.78781575360077,5984.80517532721,0.531436609915339
1.0,50,4802566.01062,139115.633501,4663450.377119,2782.31267002,1838.31375174,3546.09763811,3845.52883976,13175.1777462,30302.1304294,4914.8883424,0,0,1.0,1.0,3368,3674,61.0,0,12.5990927147965,9.37139921434666,1.37828024011813,7.4160034275093,107.599543801082,3566.76063127774,5.14350322385422,6755.54820991704,0.621719759881874
1.0,150,5053148.16691,329895.462801,4723252.704109,2199.30308534,1452.92708076,2803.35576787,4277.58291837,14233.3256771,31268.3969209,5736.39058584,0,0,1.0,1.0,2600,4101,2.84221334242051,0,14.2973359249978,9.56434194599486,1.3920689083196,8.08251217697583,106.236306492969,3376.59617023077,5.65762453191073,6169.5369234138,0.682113449200893
1.2,50,4639607.67375,144063.579093,4495544.094657,2881.27158186,1612.40117027,4166.82112101,4464.01249806,12708.526619,30787.49195,4731.41889686,0,0,1.2,1.2,3247,3499,73.2000000000001,0,12.1641105912426,9.48619631771585,1.26469818662542,6.54072745777501,105.34786885075,3193.94692959029,5.10791267775221,6364.91300552681,0.53530181337458
1.2,100,4776042.93305,258857.952452,4517184.980598,2588.57952452,1469.79980305,3707.55268503,4794.38490118,13056.9614691,31515.5314473,5349.74555375,0,0,1.2,1.2,2863,3764,61.2000000000001,0,13.0931551617846,9.6318887124282,1.28117712667978,6.62506552685303,104.688492384645,3241.33368844243,5.33152819428477,5975.18618888692,0.518822873320222
1.2,150,4898127.09202,333410.2573815,4564716.8346385,2222.73504921,1227.95076769,3241.49996657,5051.95022814,13839.4328374,32055.8441881,5776.12260573,0,0,1.2,1.2,2448,3966,3.14463356767515,0,13.9174743672665,9.83258785715088,1.25301589411067,6.84985171142537,104.024494388973,3145.15168555562,5.66483056311366,6212.6093314602,0.577107667560513
1.5,50,4411368.41204,152779.205389,4258589.206651,3055.58410778,1331.20066797,5061.99353049,5360.83545548,11623.8086159,31809.8781074,4520.75199155,0,0,1.5,1.5,3071,3305,91.5,0,11.5096591098552,9.6516050676509,1.10064618239178,5.29888522291442,101.950090245865,2805.84080502492,5.0001820137882,5810.70165617903,0.399353817608217
1.8,50,4203972.48249,161736.910709,4042235.571781,3234.73821418,1120.11181259,5849.72380181,6125.44641864,10972.3021967,32350.5087379,4381.89512071,0,0,1.8,1.8,2837,3098,109.8,0,10.8310167569634,9.83283715190385,0.909994740132965,4.0780250241824,99.6411029887055,2270.87589723338,4.89379938147342,5144.27116406246,0.290005259867036
1.8,100,4356894.05118,289362.584035,4067531.467145,2893.62584035,1020.64191837,5201.18898279,6603.0968871,11697.9885951,32895.042905,5113.78018969,0,0,1.8,1.8,2486,3367,91.5364911194484,0,11.6612210446124,10.1049587403076,0.923462480154051,4.12573799449782,99.5690890840078,2195.64523239592,5.21082317137912,4703.14060658172,0.276537519845949
1.8,150,4492433.80549,379162.3286625,4113271.4768275,2527.74885775,881.553467785,4560.57863172,6946.19612132,12819.1630382,33143.8297049,5364.06558359,0,0,1.8,1.8,2050,3519,5.17970828595276,0,12.3396663473037,10.3227151575564,0.842207197577101,3.69519936211801,101.150342619187,2309.26973088301,5.53036509555703,5205.81326606713,0.357792802422899
2.0,50,4076361.26292,168490.563591,3907870.699329,3369.81127182,1018.42655886,6346.06104388,6576.01891203,10426.9263564,32765.3922232,4307.20727358,0,0,2.0,2.0,2691,2970,122.0,0,10.2852684999927,9.97731328195622,0.787724877259037,3.30049811933938,98.4018408551461,2010.46129135557,4.84010797903743,4677.13753448763,0.212275122740963
2.0,150,4375802.61854,391342.886511,3984459.732029,2608.95257674,760.332542246,4960.99577752,7554.01118605,12336.860772,33714.3082995,5307.49033092,0,0,2.0,2.0,1890,3411,5.36836074780443,0,11.9201020120373,10.4888979605182,0.727362954116291,2.95608006203,99.3476159097517,1982.89069640823,5.4517602785378,5074.2557950166,0.272637045883709
